# -*- coding: utf-8 -*-

# Resource object code
#
# Created by: The Resource Compiler for PyQt5 (Qt v5.15.2)
#
# WARNING! All changes made in this file will be lost!

from PyQt5 import QtCore

qt_resource_data = b"\
\x00\x00\x9c\xad\
\x89\
\x50\x4e\x47\x0d\x0a\x1a\x0a\x00\x00\x00\x0d\x49\x48\x44\x52\x00\
\x00\x02\x00\x00\x00\x02\x00\x08\x06\x00\x00\x00\xf4\x78\xd4\xfa\
\x00\x00\x00\x09\x70\x48\x59\x73\x00\x00\x0e\xc3\x00\x00\x0e\xc3\
\x01\xc7\x6f\xa8\x64\x00\x00\x00\x19\x74\x45\x58\x74\x53\x6f\x66\
\x74\x77\x61\x72\x65\x00\x77\x77\x77\x2e\x69\x6e\x6b\x73\x63\x61\
\x70\x65\x2e\x6f\x72\x67\x9b\xee\x3c\x1a\x00\x00\x20\x00\x49\x44\
\x41\x54\x78\x9c\xec\xdd\x77\x60\x54\xc5\xf6\x07\xf0\xef\xdc\x6d\
\xe9\xd9\xdd\x84\xf4\x90\x4a\x0d\xbd\xa7\x00\x51\x10\x44\xc5\xde\
\x2b\x56\x2c\x58\xb1\x23\x8a\x8a\x8a\x8a\x8d\x87\x58\xb1\x82\x4f\
\x11\x1b\x16\x14\x45\x40\x48\x42\x11\x51\x7a\x49\x83\x84\x12\x42\
\xb2\x9b\xbe\xf5\xce\xef\x0f\xe4\xfd\x2c\x04\x92\xdc\xb9\x5b\xb2\
\xe7\xf3\xdf\x7b\x66\xcf\x0c\x90\xdd\x7b\x76\xe6\xcc\x19\x80\x10\
\x42\x08\x21\x84\x10\x42\x08\x21\x84\x10\x42\x08\x21\x84\x10\x42\
\x08\x21\x84\x10\x42\x08\x21\x84\x10\x42\x08\x21\x84\x10\x42\x08\
\x21\x84\x10\x42\x08\x21\x84\x10\x42\x08\x21\x84\x10\x42\x08\x21\
\x84\x10\x42\x08\x21\x84\x10\x42\x08\x21\x84\x10\x42\x08\x21\x84\
\x10\x42\x08\x21\x84\x10\x42\x08\x21\x84\x10\x42\x08\x21\x84\x10\
\x42\x08\x21\x84\x10\x42\x08\x21\x84\x10\x42\x08\x21\x84\x10\x42\
\x08\x21\x84\x10\x42\x08\x21\x84\x10\x42\x08\x21\x84\x10\x42\x08\
\x21\x84\x10\x42\x08\x21\x84\x10\x42\x08\x21\x84\x10\x42\x08\x21\
\x84\x10\x42\x08\x21\x84\x10\x42\x08\x21\x84\x10\x42\x08\x21\x84\
\x10\x42\x08\x21\x84\x10\x42\x08\x21\x84\x10\x42\x08\x21\x84\x10\
\x42\x08\x21\x84\x10\x42\x08\x21\x84\x10\x42\x08\x21\x84\x10\x42\
\x08\x21\x84\x10\x42\x08\x21\x84\x10\x42\x08\x21\x84\x10\x42\x08\
\x21\x84\x10\x42\x08\x21\x84\x10\x42\x08\x21\x84\x10\x42\x08\x21\
\x84\x10\x42\x08\x21\x84\x10\x42\x08\x21\x84\x10\x42\x08\x21\x84\
\x10\x42\x08\x21\x84\x10\x42\x08\x21\x84\x10\x42\x08\x21\x84\x10\
\x42\x08\x21\x84\x10\x42\x08\x21\x84\x10\x42\x08\x21\x84\x10\x42\
\x08\x21\x84\x10\x42\x08\x21\x84\x10\x42\x08\x21\x84\x10\x42\x08\
\x21\x84\x10\x42\x08\x21\x84\x10\x42\x08\x21\x84\x10\x42\x08\x21\
\x84\x10\x42\x08\x21\x84\x10\x42\x08\x21\x84\x10\x42\x08\x21\x84\
\x10\x42\x08\x21\x84\x10\x42\x08\x21\x84\x10\x42\xc4\x60\xde\x9e\
\x00\x21\x84\x10\xdf\x15\xdd\x23\x37\x9c\x3b\x79\x4f\xce\x58\x3a\
\xe7\x48\x07\x78\x32\x38\x34\x8c\x41\xc7\x19\x6f\xe2\xc0\x61\x26\
\xb3\x32\xa6\x61\x9b\x6a\x8b\x13\x76\x02\x9f\xba\xbd\x3d\x67\xd2\
\x36\x94\x00\x10\x42\x08\xf9\x9f\xd4\xd4\xfc\xa0\x3a\xe6\x3a\x8d\
\x33\x39\x5f\x02\x46\x71\x60\x20\x00\x4d\x1b\x5f\xde\xc0\x81\x1f\
\xc0\xb1\xc4\xd0\xdc\xf8\x79\x55\xd5\xe6\x26\x35\xe7\x4a\x94\xa1\
\x04\x80\x10\x42\x88\x14\x99\x91\x93\xaf\xe1\xb8\x92\x03\xe7\x03\
\x88\x14\x10\xd3\xca\xc1\xdf\x95\x98\xee\xa5\xda\x92\x5f\x2a\x04\
\xc4\x23\x82\x51\x02\x40\x08\x21\x81\x6a\xf0\x60\x9d\xd1\x6a\xb8\
\x82\x71\x3c\x08\xa0\x87\x4a\xa3\xb4\x80\xe1\x25\x6d\x90\xfe\x99\
\xea\x6d\x2b\x1b\x55\x1a\x83\x74\x00\x25\x00\x84\x10\x12\x78\x24\
\x73\x5a\xee\xb5\x9c\xf1\x47\x00\xa4\x7a\x64\x44\x8e\x52\x30\xe9\
\x1a\x4b\xe9\x9a\x35\x1e\x19\x8f\x9c\x14\x25\x00\x84\x10\x12\x40\
\x8c\xa9\x39\x03\x98\x06\xaf\x81\x63\x84\x17\x86\x77\x83\xe1\x61\
\x4b\x49\xe1\x73\x5e\x18\x9b\xfc\x43\x5b\x0b\x3b\x08\x21\x84\xf8\
\xb3\xc1\x83\x75\xa6\xa0\xd4\x59\x4c\x62\xef\x00\xe8\xea\xa5\x59\
\x48\x00\x4e\x0b\x36\x75\x8d\xb7\x59\x46\x2c\x05\xb6\x73\x2f\xcd\
\x83\x80\x56\x00\x08\x21\xa4\xd3\x8b\xea\x9e\x9d\x28\xbb\xa4\x4f\
\x00\x9e\xeb\xed\xb9\xfc\x0f\xe3\x8b\x2c\xc9\x86\x2b\xb0\x72\xa5\
\xcb\xdb\x53\x09\x54\xb4\x02\x40\x08\x21\x9d\x98\x31\x2d\x67\x14\
\xe3\x6c\x39\x80\x5e\xde\x9e\xcb\xdf\xb1\xac\xe0\x3a\x39\xd3\x66\
\x19\xf1\x15\xad\x04\x78\x07\xad\x00\x10\x42\x48\x27\x65\x4a\xcf\
\x3d\x03\xe0\x8b\x01\x04\x7b\x7b\x2e\xad\xa2\x95\x00\xaf\xa1\x15\
\x00\x42\x08\xe9\x84\xcc\x19\xb9\x97\x00\x7c\x11\x00\x83\xb7\xe7\
\x72\x62\x2c\x2b\xb8\xde\xd5\xd3\xd6\x3f\xf3\x4b\x94\x97\xcb\xde\
\x9e\x4d\x20\xa1\x04\x80\x10\x42\x3a\x19\x63\x66\xce\x39\xe0\xf8\
\x04\x80\xd6\xdb\x73\x69\x1b\xda\x0e\xf0\x06\xda\x02\x20\x84\x90\
\x4e\xc4\x98\x99\x3d\x90\xc9\xec\x17\x00\x61\xde\x9e\x4b\xbb\xd1\
\x76\x80\x47\xd1\x0a\x00\x21\x84\x74\x12\x51\xdd\xb3\x13\xe1\x66\
\x3f\x03\x88\xf6\xf6\x5c\x3a\x86\x56\x02\x3c\x89\x12\x00\x42\x08\
\xe9\x04\x92\x92\xb2\x83\xed\x8c\x2d\x65\x3e\x57\xed\xdf\x6e\x7d\
\x83\xcd\xf5\x54\x13\xe0\x01\x92\xb7\x27\x40\x08\x21\x44\x31\xd6\
\xa4\x67\xef\x30\x60\x98\xb7\x27\x22\x04\x67\x17\x9b\x2a\xec\x0b\
\x91\x9f\xef\x27\x35\x0c\xfe\x89\x6a\x00\x08\x21\xc4\xcf\x99\xd3\
\xb3\x1f\xe7\x60\x8f\xaa\x15\x3f\x3e\x2e\x06\xa3\xf2\x86\x61\xf8\
\xd0\xfe\xe8\xd1\x2d\x1d\x09\xf1\xb1\x70\xbb\x65\x94\x96\xed\xc5\
\xcf\xbf\xac\xc5\xa2\xc5\xdf\xa2\xd6\x62\x55\x61\x64\xf6\x91\xa5\
\x34\xe1\x6a\xe0\x53\xb7\x0a\xc1\x03\x1e\x25\x00\x84\x10\xe2\xc7\
\xcc\x19\xb9\x97\x70\xce\xff\x0b\xc1\x9f\xe7\x8c\x31\x8c\xce\x1b\
\x86\x4b\x2f\x9a\x88\x61\x43\xfa\x83\xb1\xd6\xc3\x5b\xeb\xeb\x31\
\xe3\xc9\x97\xb1\x6a\xcd\x7a\x91\x53\x38\x36\x13\x4a\x02\x54\x42\
\x09\x00\x21\x84\xf8\xa9\xa8\xf4\x9c\xa1\x32\xb0\x0a\x82\x1b\xfd\
\x64\xf5\xee\x8e\xfb\xef\xbe\x09\xfd\xfa\xf4\x6c\xf3\x6b\xdc\x6e\
\x19\xd3\x9f\x78\x11\x4b\x97\xad\x14\x39\x95\x3f\x51\x12\xa0\x06\
\x2a\x02\x24\x84\x10\x3f\x14\xd5\x3d\x3b\x51\x3e\xda\xe2\xd7\x2c\
\x2a\xa6\x56\xab\xc5\x94\x9b\xaf\xc6\x8c\x87\xef\x44\x7c\x5c\x97\
\x76\xbd\x56\x92\x18\xf2\x47\x8d\x40\x45\xe5\x41\x14\x97\x94\x8b\
\x9a\xd2\x31\x7d\x83\x4d\x8d\x74\x3a\x40\x30\x4a\x00\x08\x21\xc4\
\xcf\xfc\xa5\xe2\xbf\xed\x5f\xd1\x4f\x22\x22\x22\x0c\x2f\x3d\xf7\
\x08\xce\x9a\x70\x2a\x24\xa9\x63\x8b\xc3\xc7\x92\x80\x03\x07\xab\
\xb0\xbb\xb8\x4c\xd4\xd4\x8e\xa1\xd3\x01\x82\x51\x02\x40\x08\x21\
\xfe\x85\x69\xa2\xbb\x7e\xc0\x80\xf1\xa2\x02\x86\x87\x87\xe2\x8d\
\xff\x3c\x85\x01\xfd\x7a\x2b\x8e\x25\x49\x0c\xa3\xf3\x86\xab\x94\
\x04\x50\xdb\x60\x91\x28\x01\x20\x84\x10\x3f\x62\x4e\xcf\x99\x01\
\x60\x8a\xa8\x78\x41\xc1\x41\xf8\x78\xfe\x4b\xe8\xd5\x23\x03\x6e\
\x59\xcc\xea\xfa\xb1\x24\x40\x9d\xed\x00\x6a\x16\x24\x0a\x25\x00\
\x84\x10\xe2\x27\xcc\xe9\x39\x17\x70\xe0\x55\x08\x2c\xe0\x9e\x35\
\x63\x2a\xf2\xf3\x86\x41\xa7\xd5\x40\xe6\x5c\x68\x12\x40\xdb\x01\
\xbe\x8d\x12\x00\x42\x08\xf1\x03\x91\x99\x23\x06\x31\xce\xbe\x06\
\xa0\x17\x15\xf3\xc6\x49\x17\x63\xf2\xa4\x4b\xfe\xf7\xbf\xd5\x48\
\x02\x68\x3b\xc0\x77\x51\x02\x40\x08\x21\x3e\x2e\x3a\x65\x64\x3c\
\x18\x7e\x06\x10\x25\x2a\xe6\xe8\xdc\x61\x78\xee\x89\xfb\xfe\x55\
\xf0\x47\x49\x40\xe0\xa0\x04\x80\x10\x42\x7c\x58\x52\x52\x76\xb0\
\x4d\xc7\xbf\x17\xd9\xe3\x3f\x33\x3d\x05\xef\xbf\xfe\x0c\x82\x82\
\x0c\xc7\xfd\xef\x94\x04\x04\x06\x4a\x00\x08\x21\xc4\x77\x31\x4d\
\x74\xd7\xf7\x19\x70\xba\xa8\x80\xa6\xc8\x08\x2c\x9c\x3f\x1b\xb1\
\x5d\x4e\x7c\x61\x20\x25\x01\x9d\x1f\x25\x00\x84\x10\xe2\xa3\x44\
\x57\xfc\xeb\xb4\x5a\xbc\x35\x77\x26\xfa\xf6\xea\xde\xc6\x9f\xa7\
\x24\xa0\x33\xa3\x04\x80\x10\x42\x7c\x90\x1a\x15\xff\x33\x1f\xb9\
\x13\x13\x4e\x1b\xd5\xae\xd7\x50\x12\xd0\x79\x51\x02\x40\x08\x21\
\x3e\xe6\x68\xc5\x3f\x96\x00\x4c\x58\xc5\xff\xf5\x57\x5f\x88\xdb\
\x6e\xb8\xa2\x43\xaf\xa5\x24\xa0\x73\xa2\x04\x80\x10\x42\x7c\xc8\
\xff\x57\xfc\xb3\x13\x6f\xd2\xb7\xc3\xa8\xdc\xa1\x98\xfd\xe4\x03\
\x1d\x6e\xf1\x0b\x50\x12\xd0\x19\x51\x02\x40\x08\x21\x3e\x42\x8d\
\x8a\xff\x8c\xb4\xae\x78\xff\xb5\x59\x08\x6e\xa5\xe2\xbf\x3d\x28\
\x09\xe8\x5c\x28\x01\x20\x84\x10\xdf\x20\xbc\xe2\xdf\x18\x19\x8e\
\x8f\xe6\xbf\x70\xd2\x8a\xff\xf6\xa0\x24\xa0\xf3\xa0\x04\x80\x10\
\x42\x7c\x80\x31\x3d\xe7\x31\x06\xdc\x2e\x2a\x9e\x4e\xab\xc5\xdb\
\x73\x9f\x6a\x73\xc5\x7f\xfb\x62\x53\x12\xd0\x19\x50\x02\x40\x08\
\x21\x5e\x66\x4e\xcf\xb9\x00\x82\x2b\xfe\x9f\x9c\x76\x07\xce\x38\
\x6d\xb4\xa8\x70\xff\x42\x49\x80\xff\xa3\x04\x80\x10\x42\xbc\xc8\
\x98\x99\x3d\x10\x82\x2b\xfe\xaf\xbb\xf2\x02\x4c\xb9\xe9\x4a\x51\
\xe1\x5a\x45\x49\x80\x7f\xa3\x04\x80\x10\x42\xbc\x24\x3a\x65\x64\
\x3c\x67\x5c\x68\xc5\xff\xc8\x9c\x21\x98\x3d\xf3\x01\x48\x92\x24\
\x2a\xe4\x09\x51\x12\xe0\xbf\x28\x01\x20\x84\x10\x2f\x48\x4d\xcd\
\x0f\x6a\xd1\x38\xbf\x07\x58\x6f\x51\x31\x33\xd2\xba\xe2\xfd\xd7\
\x67\x21\x38\x28\x48\x54\xc8\x36\xa1\x24\xc0\x3f\x51\x02\x40\x08\
\x21\x9e\xc7\x98\x39\xf1\x7d\x00\x13\x44\x05\x34\x46\x86\x63\xe1\
\xdb\xb3\x11\x17\x23\xae\xe2\xbf\x3d\x28\x09\xf0\x3f\x94\x00\x10\
\x42\x88\x87\xa9\x51\xf1\xff\xd6\x7f\x66\xa2\x5f\xef\x1e\xa2\x42\
\x76\x70\x1e\x94\x04\xf8\x13\x4a\x00\x08\x21\xc4\x83\xcc\x69\xd9\
\x17\x81\xb1\xb9\x10\x5d\xf1\x3f\x4e\xbd\x8a\xff\xf6\x50\x2b\x09\
\xa8\xa8\x3c\x88\xe2\x92\x72\x21\x31\xff\x1f\xcb\x0a\xae\x77\xa7\
\xd9\x2c\x15\x5f\x0a\x0e\xec\x17\x28\x01\x20\x84\x10\x0f\x31\x66\
\x66\x0f\x04\xf0\x95\xc8\x8a\xff\x49\x97\x9d\x87\xdb\x27\x5f\x25\
\x2a\x9c\x10\x6a\x24\x01\xf9\xa3\x46\xa8\xb4\x12\x80\xfe\xc1\xe6\
\x64\x9d\xcd\x52\xf1\xb3\xe8\xc0\xbe\x8e\x12\x00\x42\x08\xf1\x80\
\xe8\xe4\xdc\x04\x2e\x61\x05\xc0\xa2\x44\xc5\x1c\x99\x33\x04\x2f\
\x3c\xfd\xa0\xc7\x2a\xfe\xdb\xc3\xbf\x56\x02\x30\x32\xd8\x94\xb4\
\xdb\x66\xa9\xdc\x2a\x3a\xb0\x2f\xa3\x04\x80\x10\x42\x54\x96\x9a\
\x9a\x1f\xd4\xa2\x75\x2d\x05\x98\xb0\x1e\xff\xe9\xa9\xc9\x78\xff\
\xb5\x67\x11\x12\xec\xd9\x8a\xff\xf6\xf0\xaf\x95\x00\x36\x36\xc8\
\x98\xfc\x5f\x9b\xb5\xa2\x4e\x70\x60\x9f\x45\x09\x00\x21\x84\xa8\
\x8b\x31\x73\xc2\x87\x00\x13\xda\xe3\x7f\xe1\x7c\xef\x55\xfc\xb7\
\x87\x1f\xad\x04\x04\x31\x86\x6e\x36\x4b\xc5\x47\x22\x83\xfa\x32\
\x61\x45\x28\x84\xa8\x66\xf0\x60\x9d\xb9\x4e\x1b\xcb\x5c\xba\x44\
\x48\xae\x70\xce\x99\x49\x96\x10\x2c\x81\x05\x71\x0e\xd3\x9f\x3f\
\x55\xcf\x18\xdc\x00\xc0\x39\x6b\x02\xb8\x15\x4c\xb6\x32\xa6\xb1\
\xca\x2e\xdd\x7e\x6b\xf9\x4a\xab\x17\xff\x04\x24\x80\x19\x33\xb2\
\xa7\x33\xce\x9e\x10\x15\x4f\xab\xd1\xe0\xbd\xd7\x67\x21\x77\xf8\
\x20\x51\x21\x3d\xa2\xd9\xee\x80\xc3\xe5\x16\x16\xcf\xed\x96\x31\
\xfd\x89\x17\xb1\x74\xd9\x4a\x61\x31\x01\x40\x06\x1f\x5b\x57\x5a\
\xb4\x5c\x68\x50\x1f\x45\x09\x00\xf1\x09\xe6\xcc\xe1\x11\x80\x26\
\x4b\xe6\xe8\xc1\x80\x6e\x00\xeb\x06\xce\xbb\x71\x20\x9e\x01\xb1\
\x02\x86\xa8\x07\xb0\x0f\x40\x39\x67\xd8\x05\xb0\x2d\x60\xf2\x66\
\xab\xa1\x7e\x1b\xb6\x6d\x73\x08\x88\x4f\xc8\xbf\x98\xd3\x72\x2e\
\xe4\x0c\x8b\x20\xf0\xb3\xf6\x89\x69\x77\xe0\xaa\x4b\xce\x11\x15\
\xce\x63\x38\x80\x26\x9b\x03\x2e\xb7\xaf\x27\x01\x7c\x9d\xa5\xb4\
\x68\x84\xc0\x80\x3e\x8b\x12\x00\xe2\x71\xa9\xa9\xf9\x41\x56\xe6\
\x18\x26\x01\x43\x39\xc3\x60\x0e\x0c\x3e\xfa\xd0\xf7\xca\xef\xa3\
\x0b\xc0\x66\x06\xac\x06\xb0\xda\xc1\xb0\xba\xb1\xa4\xf0\xb0\x17\
\xe6\x41\x3a\x99\xc8\xcc\x11\x83\x24\x59\x5a\x0d\x20\x44\x54\xcc\
\xab\x2f\x3d\x17\x8f\x3f\x2c\xac\x7d\x80\xc7\x71\x70\x34\x34\xdb\
\x21\x73\x31\xdb\x01\x80\x3a\x49\x00\x93\x59\x76\x6d\x79\xc1\x5a\
\x61\x01\x7d\x14\x25\x00\x44\x75\x09\x09\x83\x43\x6c\x86\xa0\x5c\
\x80\x8f\xe2\x0c\xa3\x01\x0c\x03\x60\xf0\xf6\xbc\x4e\xe0\x0f\xc6\
\xf1\x35\x63\x58\x52\x53\x5a\xf8\x2b\x8e\x7e\x79\x21\xa4\xcd\xa2\
\x53\x46\xc6\xbb\x35\xee\xf5\x00\x92\x44\xc5\xcc\x1d\x31\x18\xef\
\xbd\xf6\x0c\xb4\x1a\xff\x2e\xdd\x72\xb9\x65\x34\xda\xec\x42\x63\
\x0a\x4f\x02\x38\xfb\xc0\x52\x56\x70\x8d\x98\x60\xbe\x8b\x12\x00\
\xa2\x0a\x63\xea\x88\x54\x26\x49\x67\x00\xfc\x2c\x80\xe5\x03\x08\
\xf6\xf6\x9c\x3a\x84\xe1\x00\xe3\xf8\xd4\xcd\xa4\x0f\xeb\x4a\xd6\
\x6c\xf4\xf6\x74\x88\xef\x4b\x4a\xca\x0e\x6e\xd4\xb3\x95\xec\x68\
\xa2\x2b\x44\x5a\x4a\x12\xbe\x58\xf8\x2a\x22\x23\xc2\x44\x85\xf4\
\xaa\x46\xbb\x03\x2e\x81\xf5\x00\x80\xf0\x24\xc0\x62\x31\xd9\x63\
\xb1\x71\xa3\x53\x44\x30\x5f\x45\x09\x00\x11\xc6\x9c\x99\x9b\x05\
\x59\xbe\x98\x83\x5d\x00\x20\xcb\xdb\xf3\x51\xc1\x36\x30\x7c\xe0\
\x64\x9a\x77\x1b\x8b\x57\x57\x7b\x7b\x32\xc4\x27\x31\x53\x7a\xce\
\x42\x00\x97\x89\x0a\x18\x19\x11\x86\xcf\x17\xcc\x45\x7a\x6a\xb2\
\xa8\x90\x5e\xa7\xc6\x2a\x00\x20\x36\x09\x90\x19\xc6\xd4\x95\x14\
\x76\xea\xe6\x40\xfe\xbd\x96\x44\xbc\x2e\x3a\x2d\xb7\x87\xde\xdc\
\xf5\xb6\x60\x53\xf2\xab\xe0\x98\x01\xb0\xd1\x00\x62\xbc\x3d\x2f\
\x95\xc4\x00\x38\x4d\xc3\xf9\xed\x41\xa6\xa4\xb4\x60\x53\x72\x99\
\xcd\x52\x49\xf5\x02\xe4\x7f\x8c\x19\xd9\xd3\x19\xd8\x1d\xa2\xe2\
\x69\x35\x1a\xbc\xf9\xca\x93\xe8\xdf\xb7\xa7\xa8\x90\x3e\x41\x92\
\x18\x1c\x2e\xb7\xf0\xbd\xb5\x63\x7d\x02\x76\xed\x2e\xc1\xde\x7d\
\xfb\x95\x05\x63\x28\xb6\x59\x2a\x7e\x11\x33\x33\xdf\x44\x2b\x00\
\xa4\xdd\xba\x64\xe5\x87\xb9\x5b\xec\x17\x73\x48\xd7\x01\x3c\xd7\
\xdb\xf3\xf1\x26\x0e\xf6\x13\xe3\x78\xc2\x52\x56\xb0\xda\xdb\x73\
\x21\xde\x65\x4e\xcf\xb9\x80\x03\x9f\x42\xe0\xe7\xea\x8c\x87\x6e\
\xc7\x35\x97\x9d\x2b\x2a\x9c\x4f\x69\x71\x38\x61\x77\xba\x54\x89\
\x6d\xa9\xab\xc7\x05\x97\xdc\x0c\x4b\x5d\xbd\x92\x30\x5f\x5a\x4a\
\x0b\xcf\x13\x35\x27\x5f\xe4\x7b\xfd\x23\x89\xcf\x8a\x4a\xcd\x1b\
\x6e\x4c\xcf\x99\xef\x6a\x71\x1c\xe4\x60\xf3\x03\xfd\xe1\x0f\x00\
\x0c\x7c\x2c\x18\xff\xc5\x94\x91\xf3\x7d\x54\x5a\xb6\xb0\x3d\x5f\
\xe2\x5f\x22\x33\x47\x0c\xe2\xc0\x07\x10\xf8\xf0\xbf\xe2\xe2\x89\
\x9d\xf6\xe1\x0f\x00\x5a\x8d\x7a\x8f\x1f\x53\x64\x04\x2e\x3a\xff\
\x4c\xa5\x61\x3a\xd7\xb2\xcb\x71\xd0\x0a\x00\x39\xb1\xcc\x09\x06\
\xa3\xbb\xee\x62\x30\xdc\xce\x80\xa1\xde\x9e\x8e\x8f\xe3\x60\xf8\
\x1a\x9c\x3f\x62\x29\x2d\xda\xe2\xed\xc9\x10\xcf\x50\xa3\xe2\x3f\
\x67\xd8\x40\xbc\xf7\xfa\x2c\xe8\xb4\x5a\x51\x21\x7d\x8e\x5b\x96\
\xd1\xd0\x22\xbe\x0e\xe0\x98\xed\x3b\x8b\x71\xc5\xb5\x77\x29\x09\
\x61\xb1\x94\x16\x9a\x45\xcd\xc7\x17\x51\x02\x40\x8e\x2b\xaa\x7b\
\x76\xa2\xec\x66\xb7\x30\x8e\x1b\x79\xe7\xdd\xd3\x57\x8b\x9b\x71\
\xbc\x0a\x8d\x7b\x7a\x6d\xf1\x3a\x45\x6b\x90\xc4\xb7\x25\x25\x65\
\x07\x37\xe9\xb1\x02\x60\xc3\x45\xc5\x4c\x4d\x4e\xc4\x17\x1f\xbd\
\x0a\x63\x64\xb8\xa8\x90\x3e\x89\x73\xa0\xae\xb9\x45\xb5\xf8\x0e\
\x87\x13\xc3\x47\x2b\x5a\xc1\xe7\x96\xae\x7a\x3d\x56\xae\x54\x67\
\x9f\xc2\x07\xd0\x16\x00\xf9\x9b\xe8\xf4\xbc\xee\xc6\xf4\xec\xb7\
\x65\x17\x2b\x05\xc7\x34\x7a\xf8\x77\x88\x86\x33\xdc\xc1\x65\xcd\
\x4e\x53\x7a\xb6\xb0\x6a\x70\xe2\x73\x58\x93\x9e\xcd\x17\xf9\xf0\
\x8f\x08\x0f\xc5\xdb\x73\x67\x76\xfa\x87\x3f\x00\x30\x95\xdb\x6b\
\x68\x94\xf7\x4b\x60\x58\xd9\xa5\x53\xf7\x00\xa1\x04\x80\x00\x38\
\xba\x87\x69\xca\xc8\x5d\xe4\x86\xbc\x83\x81\x5d\x0f\x40\xd8\x7d\
\xe5\x01\x2c\x1e\x60\x1f\x99\xd3\x73\x7e\x8a\xc8\xc8\xce\xf4\xf6\
\x64\x88\x58\xc6\x8c\x9c\x69\x10\x78\xdc\x4f\xab\xd1\xe0\x3f\xcf\
\x4d\x47\x46\x5a\x57\x51\x21\x7d\x1a\x57\x79\xfd\x79\xff\xc1\x43\
\x02\xa2\x7c\x2a\x0b\x08\xe2\xb3\x28\x01\x08\x70\x91\x19\x79\x83\
\x4d\xe9\xd9\xdf\x49\xb2\xb4\x11\x9c\x5f\x04\xfa\x9d\x10\x8e\x03\
\x63\x34\x9c\x6d\x32\xa7\x67\x5f\xe7\xed\xb9\x10\x31\xcc\xe9\x39\
\x17\x30\x0e\x61\x17\xfc\x00\xc0\xc3\xf7\xdd\x8c\x51\xb9\x81\x53\
\x66\xc3\x55\x7e\xb4\xee\xdc\x59\xaa\xe8\xf5\x0c\x38\x8c\x4e\xde\
\x05\x94\x3e\xec\x03\x54\x54\xca\x88\x5e\xa6\x8c\xdc\x45\x12\x97\
\x37\x00\x6c\x82\xb7\xe7\x13\x00\xc2\x38\xd8\x7c\x73\x7a\xee\xe7\
\xe1\x3d\x87\x45\x79\x7b\x32\xa4\xe3\x8c\xa9\x39\x03\x38\xf8\xfb\
\x10\x58\x43\x75\xd1\xb9\xa7\xe3\xda\xcb\xcf\x17\x15\xce\x2f\x70\
\x95\x9f\xad\x6b\x37\xfc\xa6\xe8\xf5\x9c\xa3\x44\xd0\x54\x7c\x16\
\x25\x00\x01\x26\x32\x65\x54\x9a\x29\x23\xe7\x03\x59\x23\x6d\xfd\
\xf3\x1b\x3f\x15\x82\x7a\x10\x07\x3f\x4f\xeb\xd4\x6e\x8e\x4a\x1f\
\x31\xd6\xdb\x73\x21\xed\x17\x9d\x32\x32\x9e\x49\x58\x02\xb0\x50\
\x51\x31\x47\x0c\xe9\x8f\xa7\x1e\xbd\x5b\x54\x38\xbf\xe1\x92\xd5\
\x5b\x02\x70\xbb\x65\xac\x2e\xdc\xa0\x2c\x08\x83\xb2\x25\x04\x3f\
\xd0\x79\xcf\x98\x90\xbf\xe9\x92\x95\x1f\xe6\x6a\x71\x4e\x03\x5c\
\x77\x81\x23\xc8\xdb\xf3\x69\xaf\xd0\x20\x1d\xe2\xa3\x42\xd1\x25\
\x32\x18\x91\x61\x06\x84\x05\xe9\x10\x16\xac\x87\x41\x0b\x70\x97\
\x0d\xe0\x6e\x70\x0e\xd4\xb7\xb8\xd0\xd8\xe2\x42\x93\xdd\x85\xea\
\x3a\x07\x0e\xd5\xd9\x50\x53\xef\x63\xb7\xfd\x72\x24\xc8\x90\xbe\
\x37\x65\xe4\x3c\x6c\x29\x29\x7c\xce\xdb\xd3\x21\x6d\x93\x9a\x9a\
\x1f\x54\x27\xd9\xbf\x00\x98\xb0\x9e\xbc\x29\x49\x09\x98\xf7\xd2\
\x8c\x4e\x7d\xdc\xaf\x35\x6e\xb7\x7a\x09\x40\xc1\xda\x5f\x71\xe4\
\x88\x45\x51\x0c\x0e\xb6\x5b\xd0\x74\x7c\x56\xe0\xfd\xd6\x05\x1e\
\xc9\x98\x91\x73\xb5\xab\xc5\xf1\x34\x80\x78\x6f\x4f\xe6\x44\x24\
\x89\x21\x3d\x3e\x12\xbd\x53\xa3\x90\x99\x68\x44\x7a\x5c\x24\x32\
\x12\x23\x91\x1c\x13\x81\x10\xc3\x89\x7e\x55\x39\x64\x47\x13\x78\
\x4b\x1d\x38\xff\xf7\x05\x23\x0e\xa7\x8c\x7d\x35\x2d\xd8\xb3\xbf\
\x11\xbb\xf6\x37\x62\xe7\x81\x7a\x6c\x2a\xa9\x83\xa5\xc9\xab\xf7\
\x7c\x68\xc0\xf1\xac\x29\x3d\xb7\x7f\xa8\x43\xbe\xa1\xb2\xb2\x48\
\xbd\xf3\x50\x44\x04\x56\x27\x39\x85\x56\xfc\x87\x87\x85\xe1\xad\
\xb9\x33\x61\x8a\x8c\x10\x15\xd2\xaf\xb8\x54\x4c\x00\xfe\xbb\x68\
\x89\xe2\x18\x1a\xb8\x0b\x05\x4c\xc5\xa7\xd1\xf2\x6f\x27\x16\x99\
\x9e\x3b\x84\x81\xcf\xf3\xd5\x06\x3e\x61\xc1\x7a\x0c\xeb\x15\x87\
\x61\x3d\xe3\xd0\x3f\x23\x1a\x7d\xd2\xa2\x11\x1a\xa4\xeb\x78\x40\
\x2e\x43\x6e\xb1\x42\x76\x34\x9e\xfc\x47\x39\x47\x49\x55\x33\x36\
\xec\xb1\x60\xd5\xb6\x6a\x14\xec\xa8\x85\xdd\xe9\x9d\x82\x5f\x06\
\x6c\x84\xe4\x3e\xb7\xb6\x78\x5d\xa5\x57\x26\x40\x4e\xca\x94\x96\
\x33\x0d\x0c\x33\x45\xc5\xd3\x68\x24\xbc\xfd\x9f\xa7\x90\x9f\x17\
\x98\xcd\x23\x5d\xb2\x8c\x46\x95\x9a\x00\x6d\xfc\x6d\x0b\x6e\xb8\
\xed\x21\xa5\x61\x9c\xfa\xa6\x46\x53\x55\xd5\xe6\x26\x11\x73\xf2\
\x55\x94\x00\x74\x42\x47\x7b\xf5\x3b\x66\x72\x60\x0a\x7c\xe8\xc2\
\x27\x8d\xc4\x30\xa8\x7b\x2c\x4e\x19\x98\x8c\x9c\xde\xf1\xc8\x4a\
\x8b\x86\x46\x12\xff\x2b\xc8\x5d\x36\xc8\xcd\x16\x70\xb9\xed\xdf\
\xf0\xed\x4e\x19\x05\x3b\x6a\xf1\xf5\x86\x83\xf8\x69\xf3\x61\x8f\
\x27\x03\x1c\xa8\xe2\x4c\x3a\x93\xae\x1c\xf6\x3d\xc6\xf4\xdc\xf3\
\x19\xf8\xa7\x10\x58\x33\x35\xfd\xbe\x5b\x71\xdd\x55\x17\x88\x0a\
\xe7\x77\x9a\x1d\x4e\x38\x54\xb8\x07\xc0\xe5\x72\xe1\xaa\xeb\xa7\
\x62\xe7\x6e\x85\xf5\x7b\x1c\x45\x96\xb2\xc2\x1c\x31\xb3\xf2\x5d\
\xb4\x05\xd0\xc9\x98\xd2\xf2\x26\xba\x5a\x1c\x73\x01\xf8\xc4\x61\
\xe2\x20\x83\x16\xa7\x0e\x4c\xc6\x69\x83\x53\x30\xaa\x7f\x22\x4c\
\x61\xea\x97\x1f\x30\x6d\x10\xa4\x88\x38\xf0\x16\x2b\x64\x7b\x43\
\x9b\x5e\x63\xd0\x49\x38\xb5\x5f\x34\x4e\xed\x17\x8d\x86\x16\x17\
\xbe\xff\xad\x0a\x0b\x57\x55\x60\x7b\x65\xdb\x5e\xaf\x14\x03\x62\
\x19\x97\x7f\x36\x66\xe4\x9e\x6b\x2d\x29\x58\xe1\x91\x41\xc9\x49\
\x19\x33\xb3\x07\x32\x59\xfe\x00\x60\xc2\x1e\xfe\x17\x9f\x3f\x21\
\xa0\x1f\xfe\x9c\x03\x0e\xd7\xbf\xb7\xea\x44\x98\xff\xde\x22\xe5\
\x0f\xff\xa3\xbe\x15\x11\xc4\xd7\xd1\x0a\x40\x27\x11\xde\x73\x58\
\x94\xd6\xa9\x99\x07\xce\x2e\xf6\xf6\x5c\x0c\x5a\x09\xa3\xfa\x27\
\xe3\xac\xec\x34\x8c\x19\x9c\x72\x92\xfd\x7b\x75\x71\x67\x0b\xe4\
\x96\x1a\xf0\x0e\x56\x1c\xaf\xdb\x63\xc1\xfb\xcb\xf7\x62\xf9\x96\
\x6a\x70\xcf\x9c\x08\xb6\x71\xc6\x2f\xb3\x96\x14\x7d\xe9\x91\xd1\
\x48\xab\xba\xa4\x0e\x8d\x73\x49\xba\xf5\x00\x84\x15\xfd\x0d\x1b\
\xdc\x0f\x1f\xbe\xf9\x1c\xf4\x3a\x05\x5b\x5d\x7e\xce\xe6\x74\xc2\
\xe6\x10\xff\xed\xbf\xa0\x68\x23\xee\xbc\xef\x71\x11\xc5\x85\x9c\
\xcb\x72\xba\xb5\x7c\x6d\xb9\x80\x69\xf9\x34\x4a\x00\x3a\x01\x53\
\x46\xee\x04\x70\x3e\x1f\x5e\x2e\xf2\xcb\x4a\x89\xc2\x85\xa7\x74\
\xc7\x39\x39\x19\x30\x86\x19\xbc\x39\x95\xbf\x93\x5d\x70\x35\xd7\
\x00\xae\x8e\xef\x39\xee\xa8\x68\xc0\xcb\xdf\x94\x60\xc5\x96\x6a\
\x81\x13\x6b\x95\x8b\x33\xdc\x68\x2d\x29\x7c\xcf\x13\x83\x91\x7f\
\x4b\x4d\xcd\x0f\xaa\xd3\x38\x56\x80\x63\x84\xa8\x98\x5d\x93\xe2\
\xf1\xc5\x47\xf3\x60\x36\x06\x66\xd1\x1f\x00\xc8\x1c\x68\x68\xb6\
\x09\xef\x01\xb0\x7d\x67\x31\x26\xdf\x3e\x0d\x8d\x8d\x42\xb6\xec\
\x57\x5b\x4a\x0b\x47\x89\x08\xe4\xeb\x28\x01\xf0\x63\xb1\xb1\xfd\
\x42\x1d\xa1\xa1\xb3\x01\x36\x19\x5e\xfa\xb7\x0c\x31\x68\x71\xde\
\xc8\x6e\xb8\xec\xd4\x1e\xe8\x9d\xea\xdb\xfd\x6d\xe4\x16\x2b\x64\
\xbb\xb2\xbb\x79\x7e\x2f\xab\xc3\xcb\x4b\x8a\x51\xb8\xab\x56\xd0\
\xac\x5a\xc5\x01\x4c\xb1\x94\x16\xce\x53\x7b\x20\xf2\x2f\xcc\x94\
\x9e\xf3\x21\x80\x2b\x44\x05\x0c\x0b\x0d\xc5\xe7\x0b\xe6\xa0\x5b\
\x46\xaa\xa8\x90\x7e\xa9\xd9\xee\x10\xbe\xfc\xbf\x75\xdb\x6e\xdc\
\x7a\xf7\x74\x34\x34\x88\xa9\xd7\x63\xe0\xd7\xd7\x96\x16\xbd\x23\
\x24\x98\x8f\xa3\x04\xc0\x4f\x19\x33\xb3\x07\x4a\x32\xfb\x84\x03\
\xdd\xbc\x31\x7e\x5a\x7c\x04\xae\x3c\xad\x37\x2e\x1c\xd5\x0d\xe1\
\x21\xfe\x73\x6d\x80\xec\x68\x84\xdc\xac\xfc\xe1\xbd\x6c\xd3\x61\
\x3c\xb9\x68\x27\xaa\xea\xd4\xbb\xce\x14\x47\xb7\x4b\xaf\xb7\x96\
\x16\xbe\xab\xe6\x20\xe4\xef\x4c\x69\xb9\x0f\x83\xf1\xa7\x44\xc5\
\xd3\x68\x24\xbc\xf9\xca\x93\x38\x75\x94\xb0\xc5\x04\xbf\xe4\x72\
\xbb\xd1\x68\x13\xdb\x93\xe3\x9b\xa5\x3f\x63\xe6\xb3\x73\x61\xb7\
\x0b\x8b\x5b\x69\x91\x22\x33\x51\xbc\x54\xd5\x37\xb6\xaf\xa0\x04\
\xc0\x0f\x99\x33\x72\x6e\xe2\x1c\xaf\x00\x9e\x6f\xe8\x93\x93\x95\
\x80\x9b\x26\xf6\xc5\xc8\xbe\x89\x60\xcc\x3f\x7f\x7d\xb8\xcb\x06\
\x77\xd3\x11\xc5\xcd\xc8\x9b\xec\x6e\xbc\xbc\xa4\x18\x0b\x56\xed\
\x83\x8a\x47\x9a\xdd\x60\xb8\xd2\x52\x52\xf8\xb1\x6a\x23\x90\xff\
\x31\x66\x64\x9f\xc7\x38\x5b\x0c\x81\x15\xff\xd3\xa6\xde\x8c\x1b\
\xae\xb9\x48\x54\x38\xbf\x24\x73\xa0\xa1\xc5\x06\x2e\xa8\x90\x46\
\x96\x65\xcc\x99\xf7\x1e\xde\x5f\xf8\xb9\x90\x78\xc7\x70\xf0\xbb\
\xac\xa5\x45\xaf\x08\x0d\xea\xc3\xfc\xf3\x13\x3c\x40\xc5\xc6\xf6\
\x0b\x75\x84\x85\xbd\x06\x8e\xab\x3c\x39\xae\x24\x31\x8c\x1d\xd4\
\x15\xb7\x9c\xd3\x1f\xfd\x33\xba\x78\x72\x68\xf5\xb8\x9d\x70\x35\
\x1d\x06\x64\xe5\xcb\x91\x5b\xf7\x35\x60\xea\xbb\x9b\x51\x56\xd5\
\x2c\x60\x62\xc7\xe5\xe4\x12\x2e\xb2\x16\x17\x7e\xa5\xd6\x00\xe4\
\x68\x8f\x7f\x26\xf1\x35\x22\xdb\xfc\x5e\x74\xee\xe9\x78\xee\x89\
\xfb\x44\x85\xf3\x5b\x8d\x36\xbb\xb0\xc6\x3f\xcd\x2d\x36\x4c\x7b\
\xec\x79\xac\x5c\xbd\x4e\x48\xbc\x63\x38\x50\x15\x62\xb3\xa7\x1f\
\x38\xb0\x51\xb5\x37\xb2\xaf\xa1\x04\xc0\x4f\x44\xa7\xe7\x75\x77\
\xc3\xfd\x05\xc0\x7a\x7b\x6a\x4c\x49\x62\x38\x3b\x27\x03\xb7\x9e\
\xd3\x1f\x99\x89\x46\x4f\x0d\xeb\x31\x5c\x76\x41\x6e\x3c\x0c\x2e\
\x2b\xaf\x48\x6e\xb1\xbb\xf1\xe4\xa7\x3b\xb1\xb8\xf0\x80\x80\x99\
\x1d\x97\x9d\x71\x36\xb1\xb6\xac\xe0\x47\xb5\x06\x08\x64\x6a\x54\
\xfc\x0f\x19\xd8\x07\x0b\xdf\x9e\x1d\xd0\x15\xff\x00\xd0\x62\x77\
\xc2\xee\x12\x53\xf5\x7f\xa8\xaa\x1a\x77\xde\xf7\x04\x76\xef\x29\
\x13\x12\xef\xaf\x38\xe3\xd7\x58\x4b\x8a\x3e\x10\x1e\xd8\x87\x51\
\x02\xe0\x07\x4c\x69\xb9\x23\xc1\xf8\x67\x00\x3c\xf6\xf5\x3b\xb7\
\x4f\x22\x1e\xba\x7c\xa8\xcf\x17\xf6\x29\x26\xbb\xe1\x6e\xac\x12\
\x92\x04\x00\xc0\x0f\xbf\x1f\xc6\xf4\x85\xdb\x61\x55\xa7\xcd\x70\
\x03\xb8\x3b\xcf\x52\xb6\x6e\xb3\x1a\xc1\x03\x55\x6a\x6a\x7e\x50\
\x1d\x73\xfc\x0c\x86\x6c\x51\x31\x13\x13\x62\xf1\xe5\x47\xf3\x10\
\x6d\xee\x7c\x89\x73\x7b\x88\x3c\xf2\xb7\x65\xeb\x2e\xdc\xfd\xe0\
\x4c\xd4\xd4\x28\xeb\xf1\x7f\x5c\x0c\xab\x2c\x25\x85\xa7\xa0\x93\
\x5f\xff\xfb\x4f\x94\x00\xf8\x38\x53\x7a\xce\x2d\x00\xe6\xc0\x43\
\x4d\x9b\x46\xf6\x4b\xc4\xd4\x8b\x87\xa0\x5f\x7a\xb4\x27\x86\xf3\
\x0d\xb2\x0b\xae\xc6\x6a\xa0\x1d\x9d\x03\x4f\x64\x6f\x75\x33\x26\
\xbf\xf6\x3b\x4a\x0f\xa9\xd2\x45\x74\xaf\x56\x76\x8e\xa8\x2e\xdf\
\x70\x48\x8d\xe0\x01\x48\x78\xc5\x7f\x68\x48\x08\x3e\xfb\xf0\x15\
\xf4\xe8\x96\x2e\x2a\xa4\x5f\xb2\x39\x5c\xb0\x39\xc5\xbc\xa7\x96\
\x2e\x5b\x89\x19\x4f\xbd\x02\x87\x43\x95\xc4\xda\xa6\xe1\x6c\xc0\
\x91\xb2\x82\x5d\x6a\x04\xf7\x65\x94\x00\xf8\xaa\xfc\x7c\xad\x69\
\x9f\xf3\x65\x80\xdf\xe6\x89\xe1\xd2\x13\x22\x31\xed\x8a\xe1\x38\
\x65\xa0\xb0\x15\x50\xbf\xc2\xb9\x1b\x72\x63\x35\xb8\x5b\x4c\x35\
\x71\x7d\xb3\x0b\x77\xbd\xb3\x19\x6b\xb6\xd7\x08\x89\xf7\x57\x1c\
\xd8\x10\x62\xb3\xe7\x07\xd2\x5e\xa5\x5a\x4c\xe9\xb9\x0f\x01\xfc\
\x69\x51\xf1\x24\x49\xc2\x9b\x2f\x3f\x81\x31\xf9\xc2\x16\x13\xfc\
\x52\x8b\xc3\x09\xbb\x80\x56\xbf\x9c\x73\xbc\xf6\xe6\x42\xbc\xfd\
\xfe\x27\xc2\x0a\x08\xff\x89\x31\x4c\xae\x2d\x29\x7c\x53\x95\xe0\
\x3e\x8e\x12\x00\x5f\x94\x39\xc1\x60\x94\xeb\x16\x32\x40\xf5\x7e\
\xa1\x11\xa1\x7a\xdc\x7c\x76\x7f\x5c\x3b\xa1\x0f\x0c\x5a\x61\x85\
\xcf\xfe\x89\xbb\xe1\x6a\x38\x2c\x6c\x25\xc0\x2d\x03\x2f\x2d\xd9\
\x83\x37\x97\x95\x0b\x89\xf7\x0f\xdf\x58\x4a\x13\xcf\x05\x3e\x55\
\xa7\xa7\x6a\x00\x30\x66\x64\x9f\xcb\x38\xfb\x0c\x02\x2b\xfe\x1f\
\xba\x67\x32\x6e\x9a\xe4\xf5\x66\x9c\xde\xc3\x39\x9a\xec\x4e\x38\
\xdd\xca\x7f\x2d\x1d\x0e\x27\x66\x3c\xf5\x0a\x96\x2e\x5b\xa9\x7c\
\x5e\xad\x5b\x68\x29\x2d\xbc\x52\xcd\x01\x7c\x99\xcf\x5c\x14\x43\
\x8e\x8a\xec\x9a\x67\x0a\x61\xf6\xef\x19\x30\x5e\xed\xb1\xce\x1b\
\x99\x89\xb7\xef\x1b\x87\x51\x7d\x13\xa1\x55\xe1\x52\x1e\xbf\xc3\
\x24\x48\xba\x60\xc8\x8e\x66\x88\xd8\x0a\x94\x18\x90\xd3\x33\x0a\
\x61\x41\x5a\x14\xec\x14\xbe\x12\xd0\x3d\xd8\xdc\xa0\xb5\x59\x2a\
\x7e\x16\x1d\x38\x10\x18\x53\x73\x06\x30\xc6\xbe\x06\x20\xac\x65\
\xe5\x05\x67\x8f\xc3\x43\xf7\x4c\x16\x15\xce\xef\xc8\x9c\xa3\xc9\
\xee\x10\x52\xed\x5f\x5d\x5d\x8b\x5b\xef\x9a\x8e\xc2\x75\xbf\x09\
\x98\x59\xab\x7e\x0b\x75\xf0\xf3\xea\xeb\x2b\xc5\xf7\x25\xf6\x13\
\x94\x00\xf8\x90\xe8\x94\x91\xf1\xd0\xca\x3f\x42\xe5\xeb\x7b\xbb\
\xc6\x84\x63\xce\xed\xa7\xe2\xc6\xb3\xfa\x7a\xb5\x4f\xbf\x4f\x3a\
\x96\x04\x38\xc5\x24\x01\x00\x30\x30\xdd\x88\xe4\xe8\x10\xac\xd8\
\x52\x0d\x59\xec\x2a\x66\x5e\x90\x39\xe9\x0f\x9b\xa5\x72\xa7\xd0\
\xa8\x9d\x5c\x4c\xda\xf0\x58\x59\x92\x7e\x86\xc0\xa2\xda\xc1\xfd\
\xb3\xf0\xea\x8b\x33\xa0\xd5\x04\xe6\x47\xaa\x5b\x96\xd1\x64\x77\
\xc0\x2d\xe0\x17\x7c\xf7\x9e\x32\x4c\xbe\x7d\x1a\xca\xca\x2b\x04\
\xcc\xec\xf8\x38\xb0\x5b\x27\x3b\x4f\x3b\xb4\x6f\x9d\x55\xb5\x41\
\xfc\x00\x7d\xed\xf3\x11\x11\x19\xd9\x99\x1a\xce\x96\x43\xc5\x5b\
\xfc\xb4\x12\xc3\x0d\x67\xf5\xc3\x9d\xe7\x0f\x80\x41\x4f\x0f\xfe\
\x13\xe1\x2e\xfb\xd1\x23\x82\x02\x8b\x82\xbf\xf9\xf5\x10\x1e\x78\
\x7f\x2b\x9c\x6e\xa1\x59\x80\x45\x76\x6b\x07\xd7\xed\xfd\x45\xfc\
\xb9\xa8\x4e\x88\x2a\xfe\xc5\x73\xba\xdd\x68\xb2\x3b\x21\xe2\xb6\
\xac\xe5\x2b\x0a\xf1\xc8\x13\x2f\xc0\x66\x53\xb5\x11\x5f\x89\xa4\
\xe5\xa3\x6b\x76\x17\xed\x57\x73\x10\x7f\x10\x98\xe9\xaa\x8f\xf9\
\xf3\xe1\xbf\x02\x02\xcf\x20\xff\x53\x5a\x5c\x24\xde\xbe\x6f\x1c\
\x2e\x18\xd5\x0d\x5a\x4d\x80\xef\xf5\xb7\x01\x93\xb4\x60\x92\x0e\
\xdc\x25\xae\xce\xae\x7b\x42\x18\x7a\x24\x85\x63\xd9\xa6\x2a\x91\
\x2b\x01\xc1\x92\x24\xe7\xc5\x46\x66\x7c\x60\xb5\x96\x07\xec\x52\
\x66\x5b\x31\x73\xc2\xbb\x60\x38\x53\x54\xbc\x90\xe0\x60\x2c\x7c\
\xeb\x39\x74\x4d\x4a\x10\x15\xd2\xaf\xd8\x9d\x2e\x34\xdb\x95\xd7\
\xcc\x70\xce\x31\xff\xfd\x45\x78\xfa\xf9\x79\x70\x09\xea\x19\xd0\
\xca\x48\xdb\x39\x67\xe3\x2d\x25\x45\xea\x2d\x2f\xf8\x11\x4a\x00\
\xbc\xec\x2f\x0f\xff\x24\xb5\xc6\x38\x6f\x64\x26\xde\xba\x6f\x1c\
\x92\x63\xc2\xd5\x1a\xa2\x53\x62\x1a\x1d\xc0\x18\xb8\xcb\x26\x2c\
\x66\x7a\x6c\x28\x32\x13\xc2\xb0\x6c\x53\x95\xc8\xeb\x85\x13\xec\
\x70\xc7\xd8\xac\x15\xdf\x08\x8b\xd8\x09\x1d\xad\xf8\xc7\xdd\xa2\
\xe2\x49\x92\x84\xb9\xb3\xa7\x63\xf8\x90\xfe\xa2\x42\xfa\x0d\xce\
\x81\x16\x87\x43\x48\xa5\xbf\xc3\xe9\xc4\x13\x4f\xcd\xc1\x82\x8f\
\xd5\xbd\x01\x9b\x83\xfd\x04\x59\x7f\xba\xb5\x7c\x75\x95\xaa\x03\
\xf9\x11\x4a\x00\xbc\x48\xed\x87\xbf\x39\xdc\x80\x57\xef\x1a\x83\
\xc9\x13\xfb\x41\x17\xe8\x15\xfe\x1d\xc4\xb4\x86\xa3\x4d\x82\xdc\
\xe2\xce\x1f\x67\xc6\x85\xa2\x4b\x84\x01\x2b\xb7\x1e\x11\x16\x13\
\x0c\x83\x83\x4d\x49\xbb\x6d\x96\xca\xad\xe2\x82\x76\x1e\xc6\x8c\
\xec\x73\x19\xf0\x06\x04\x6e\x7b\xde\x77\xc7\xf5\xb8\xe4\xfc\x33\
\x44\x85\xf3\x1b\x32\xe7\x68\xb6\x3b\xe0\x14\x50\xec\x57\x5b\x6b\
\xc5\x6d\x77\x3f\x86\xd5\x85\x1b\x04\xcc\xec\x44\xf8\xeb\xd6\xae\
\xfa\x2b\x6c\xbf\xaf\xa4\xa3\xb3\x7f\x41\x09\x80\x97\x98\x33\x46\
\x25\x33\xce\x7f\x81\x4a\xcb\xfe\x03\xbb\xc5\x60\xc1\xc3\x67\xa0\
\x6f\x20\x35\xf4\x51\x89\xa4\x0d\x3a\xba\x0a\xc0\xc5\x9d\xb8\xeb\
\xd3\x35\x02\xc1\x06\x2d\x0a\x76\x88\x3c\x1d\xc0\x4e\x0d\x89\x4a\
\x58\xd8\x52\xbb\x5f\xd9\x9d\xc7\x9d\x8c\x31\x2d\xaf\x3f\x03\xbe\
\x81\xc0\x8a\xff\xf3\x27\x9e\x86\x69\xf7\xde\x22\x2a\x9c\xdf\x10\
\x59\xec\xb7\xa7\xb8\x0c\x37\x4d\x99\x86\x92\xd2\xbd\x02\x66\xd6\
\x2a\x17\x67\xb8\xdb\x5a\x5a\xf4\x28\xca\xcb\xd5\xbb\xb2\xcb\x4f\
\x51\x02\xe0\x05\xe1\xdd\xf3\xa3\x25\xee\xfc\x19\x40\x86\xe8\xd8\
\x8c\x31\x5c\x37\xa1\x0f\x5e\x9e\x92\x8f\xc8\x50\x61\x9f\x77\x81\
\x8d\x31\x30\x5d\x10\xb8\xa3\x09\x22\x3b\x85\x0e\x4a\x37\xa2\xd9\
\x21\x63\x53\xa9\xb0\x42\xe4\x60\xce\x35\xfd\x6c\x96\x8a\x05\xa2\
\x02\xfa\xbb\x98\xb4\xe1\xb1\x32\x63\x42\x2b\xfe\x07\xf5\xef\x8d\
\x79\x2f\xcc\x80\x56\x1b\x58\x1f\x9f\x4e\xb7\x1b\x8d\x76\xa7\x90\
\x86\x3c\xab\xd6\xac\xc7\xed\x53\x1f\x87\xc5\x52\x27\x60\x66\xad\
\xaa\x63\x32\x3f\xdf\x52\x56\xf4\x91\x9a\x83\xf8\xb3\xc0\xfa\x0d\
\xf6\x01\x5d\xb2\xf2\xc3\xb8\xc3\xf1\x03\x03\x06\x88\x8e\x6d\xd0\
\x6b\xf1\xe2\x6d\xa3\x71\xc3\x99\x7d\xa1\xa1\x73\xfd\x42\x31\x26\
\x81\x69\x75\xe0\x0e\xb1\x2b\x88\x39\x3d\xcd\xd8\x51\xd9\x20\xec\
\x26\x41\x06\xa4\x07\x99\x92\x2c\x36\x4b\xa5\xd8\xab\xd2\xfc\x51\
\xe6\x04\x83\x9e\x3b\x96\x82\xa1\x8f\xa8\x90\x09\xf1\x31\x58\xf8\
\xd6\x6c\x44\x84\x87\x89\x0a\xe9\x17\x44\x15\xfb\x01\xc0\x07\x0b\
\x3f\xc7\x93\xb3\xe6\xa8\xd5\xd6\xf7\x98\x62\xc9\x2d\x8f\xad\xdd\
\xbb\x76\xad\x9a\x83\xf8\x3b\x4a\x00\x3c\x29\x2b\x4b\xaf\x6f\xd1\
\x7d\xc5\x80\x51\xa2\x43\xc7\x98\x42\xf0\xc1\x83\xe3\x31\xb2\x9f\
\x6a\xb5\x84\x01\x8f\x49\xba\xa3\xc7\x02\x5d\xe2\x8e\x28\x31\xc6\
\x70\x6a\xdf\x2e\x58\xb9\xad\x1a\x47\xea\xc5\xb4\x21\x66\x60\xa3\
\x43\xa2\x52\xbf\x68\xa9\xdd\x57\x2d\x24\xa0\x9f\x32\x99\x62\xde\
\x05\xc4\x55\xfc\x07\x87\x04\x61\xc1\x1b\xcf\x23\xa5\x6b\xe0\x54\
\xfc\x8b\x2c\xf6\x73\xba\x9c\x98\x39\x6b\x2e\xde\x5b\xf0\x99\x6a\
\x6d\x7d\x01\x00\x9c\xaf\x74\x19\xdc\xe3\xac\x25\xeb\xf6\xa9\x37\
\x48\xe7\x40\x95\x61\x1e\x64\x6e\x89\x7c\x83\x01\xa7\x89\x8e\x9b\
\x95\x12\x85\x2f\x9f\x3c\x1b\xfd\x32\x3c\x76\x59\x60\xc0\xd2\x04\
\x45\x82\x69\x83\x84\xc6\x0c\x31\x68\xf0\xfa\xcd\x03\x11\x1d\x21\
\x6c\xcb\x26\x98\xcb\xee\x0f\x91\x9f\x1f\xb0\xcd\x1e\x4c\xe9\xd9\
\x0f\x82\xe3\x2a\x51\xf1\x24\x49\xc2\x4b\x4f\x3d\x84\xde\x3d\x85\
\xef\xda\xf9\xac\xa3\x9d\xfd\xec\x70\xb8\x94\xd7\xbe\x58\xeb\xeb\
\x71\xcb\x9d\x8f\xe2\xcb\xaf\x55\xbe\xcd\x9a\xe1\x2d\x8b\xd9\x31\
\xae\x61\xe7\x7a\xf1\x97\x70\x74\x42\xb4\x02\xe0\x21\xa6\x8c\x9c\
\xfb\x01\xdc\x27\x3a\x6e\xfe\x80\x64\xbc\xf7\xc0\x38\x98\xc2\xc5\
\x3e\x94\x48\x6b\x18\x24\xad\x01\xb2\xe0\x7a\x80\xf0\x60\x2d\x06\
\x65\x18\xf1\xd5\xba\x03\xa2\x7a\x04\xc4\x07\xd7\xbb\x9b\x6c\x96\
\x8a\x02\x21\xd1\xfc\x88\x31\x33\xe7\x1c\xc6\xd9\x9b\x10\x58\xf1\
\x3f\x75\xca\x75\xb8\xec\x42\x61\x8b\x09\x3e\x4f\x64\xb1\x5f\x59\
\x79\x05\x26\xdf\x36\x0d\x3b\x77\x97\x08\x98\x59\xab\xdc\x1c\xfc\
\x1e\x6b\x69\xd1\x23\x38\x78\x90\x8a\xfd\xda\x88\x12\x00\x0f\x30\
\x65\xe4\x4e\x00\xc7\x7c\x08\x5e\x71\x39\x27\x37\x03\x73\xee\x38\
\x85\xba\xfa\x79\x1a\x93\xc0\x24\x0d\xb8\xb3\x45\x68\xd8\x78\x53\
\x10\x42\x0d\x5a\xac\x16\x77\x32\x20\xcf\x10\x95\xfc\xb1\xbd\xb6\
\x42\x85\x0b\xd4\x7d\x93\x39\x73\x64\x6f\xc8\xfc\x5b\x00\xc2\x32\
\xe2\x33\xc6\x8d\xc6\x63\x0f\xde\x06\xc6\x02\xa3\xae\x46\x64\xb1\
\xdf\xda\xf5\xbf\xe3\xb6\xbb\x1f\x45\xf5\x91\x5a\x01\x33\x6b\x55\
\x03\xb8\x74\xb1\xb5\xac\xf0\x03\x35\x07\xe9\x8c\x28\x01\x50\x99\
\x29\x6d\x78\x3f\x80\x7d\x0f\x81\x1f\x48\x00\x70\xdd\x19\x7d\xf0\
\xd4\xf5\xb9\xd0\x48\xb4\x8b\xe3\x0d\x4c\xa3\x07\x64\x27\xb8\xc0\
\xfe\x00\x00\xd0\x3f\x2d\x02\xbb\xf7\x37\xa2\xa4\xaa\x49\x44\x38\
\x1d\xe3\xe8\x19\x28\xa7\x02\x62\xd2\x86\xc7\xba\x81\x95\x00\x62\
\x45\xc5\x1c\xd0\xaf\x27\xde\x7a\x65\x26\xb4\xda\xc0\x48\xb2\x45\
\x16\xfb\x7d\xfc\xe9\x37\x98\xee\x81\xb6\xbe\x4c\xd2\x8c\xb1\x94\
\xae\x09\xb8\x95\x2e\x11\x28\x01\x50\x91\x31\x35\xdf\xc8\x24\xbe\
\x1c\x40\x9c\xc8\xb8\xf7\x5c\x3c\x18\xf7\x5e\x3c\x24\x60\xbe\x91\
\xf8\x2c\x4d\x10\xb8\xb3\x49\x48\x0f\xf4\x63\x18\x63\xc8\xeb\x1d\
\x8d\xa5\xbf\x55\xa1\xbe\x59\x48\x4b\xd4\x8c\x60\x53\xd7\x62\x9b\
\xa5\x62\x8b\x88\x60\x3e\x2b\x73\x82\x41\x0f\xc7\x77\x00\xfa\x8a\
\x0a\x19\x1f\xd7\x05\x1f\xbd\xf5\x02\x22\x22\x3a\x7f\xc5\xbf\xc8\
\x62\x3f\x97\xdb\x8d\x67\x5f\x7c\x03\x6f\xbe\xf3\x5f\xc8\x6a\x16\
\xfb\x31\xac\x72\x69\xf5\xe3\xea\xf6\xfc\xa2\x6a\x23\x81\xce\x8c\
\xbe\x3e\xaa\x87\x31\xe6\x78\x0f\x82\xcf\xfa\xdf\x7d\xd1\x20\x4c\
\x39\x57\xf8\x09\x42\xd2\x01\x4c\x92\xa0\x09\x36\x0b\x8f\x1b\x11\
\xa2\xc5\x2b\x37\xf4\x87\x5e\x2b\x26\xc1\x63\xe0\x2f\x86\xf7\x1c\
\x16\x25\x24\x98\x8f\x32\xb9\xeb\xdf\x04\x90\x23\x2a\x5e\x70\x48\
\x10\xde\x9a\x33\x13\x5d\xa2\xc5\xff\xfb\xfa\x1a\x91\xc5\x7e\x0d\
\x0d\x4d\xb8\xfd\x9e\xc7\xb0\xe8\xb3\x6f\x05\xcc\xac\x75\x1c\x7c\
\xbe\x25\xa8\x6e\x5c\xc3\xee\x95\x02\xdb\x69\x06\x1e\x5a\x01\x50\
\x89\x39\x2d\xfb\x5e\x30\x76\xbb\xc8\x98\x77\x5d\x38\x08\x77\x9c\
\x3f\x50\x64\x48\xa2\x10\xd3\xe8\x00\xd9\x0d\xee\x16\x73\x84\xef\
\x98\x98\x48\x03\xb4\x1a\x09\x85\x3b\x85\xec\x9d\x86\x32\x59\x32\
\xdb\x2c\x15\x5f\x8b\x08\xe6\x6b\x4c\xe9\x39\x0f\x80\x61\xaa\xa8\
\x78\x8c\x31\xcc\x79\xf6\x11\xe4\x0c\xeb\xfc\xef\x35\x91\xc5\x7e\
\xfb\x2a\x0f\x60\xf2\x1d\xd3\xb0\x75\xdb\x6e\x01\x33\x6b\x95\x9b\
\x01\xf7\x59\x4a\x8b\x1e\x42\x75\xb5\xb8\xd6\x9c\x01\x8a\x12\x00\
\x15\x98\xd2\xf3\xf2\xc0\xf0\x21\x04\xae\xb0\xdc\x71\xfe\x40\xdc\
\x79\xc1\x20\x51\xe1\x88\x40\x4c\x6b\x10\xde\x25\x10\x00\x06\xa4\
\x19\x51\xb4\xab\x16\x07\x2d\xca\x2f\x23\x62\xc0\x00\x43\x54\xe2\
\x37\xf6\xda\xca\x83\x02\xa6\xe6\x33\x8e\x56\xfc\x43\x68\xc5\xff\
\xdd\xb7\x4d\xc2\x15\x17\x4f\x14\x15\xce\x67\x89\x2c\xf6\xfb\x75\
\xd3\x16\xdc\x7a\xc7\xa3\x38\x54\xa5\x6a\xeb\x89\x7a\x80\x5d\x68\
\x29\xa5\x62\x3f\x51\x68\x13\x59\xb0\xc8\xae\x79\x26\x49\x2b\x6f\
\x86\xc0\x0b\x7e\xae\x1a\xd7\x1b\x8f\x4f\x12\x76\x7d\xb9\xc7\x39\
\xdd\x32\xb6\x95\xd5\x60\x57\x45\x2d\x8a\xf7\x5b\xb1\xb7\xaa\x1e\
\x35\xf5\x36\x58\xea\x6d\x90\x39\x47\x5d\x93\x1d\x06\xbd\x16\xe1\
\x21\x7a\x84\x87\xe8\x90\x10\x15\x86\xae\x5d\xc2\x91\x16\x1f\x89\
\x7e\x19\xd1\xc8\x4c\x34\xf9\x7c\x67\x43\xee\x68\x82\xbb\x59\xfc\
\xd1\xe3\xbd\xd5\xcd\x38\xfb\xe9\x22\xb4\xd8\x85\x9c\x6c\x5a\x6d\
\x29\x2d\x1c\x0d\xd1\x99\x8a\x97\x98\xd2\x86\xf7\x03\xd3\x14\x00\
\x10\xb6\x49\x3f\xf1\xf4\x53\xf0\xca\xb3\xd3\x3a\x7d\x7d\x8d\xdd\
\xe9\x42\x8b\xa0\x4e\x7c\x5f\x2c\x59\xa6\xfe\x35\xbe\x1c\xa5\x4c\
\xc3\xce\xae\x2d\x2e\xd8\xa6\xde\x20\x81\xa7\x73\xff\x96\x7b\x81\
\x29\x3d\xe7\xbf\x00\x2e\x15\x15\x6f\xdc\x90\x14\xbc\x7a\xd7\x18\
\x9f\x7f\x00\xfe\x53\x79\x55\x3d\x96\x6d\xd8\x8b\x95\x9b\xf6\xe1\
\xf7\xd2\x23\xb0\xd9\x3b\xfe\xe1\x10\x1c\xa4\xc5\x88\x5e\xf1\x38\
\x65\x40\x32\xc6\x0c\xea\x8a\xf8\xa8\x50\x81\x33\x15\x85\xc3\xdd\
\x58\x2d\xf4\xea\xe0\x63\x3e\xfa\xa5\x12\x33\x3e\xde\x21\x24\x16\
\xe3\xec\x92\xda\xb2\x82\x45\x42\x82\x79\x51\x78\xf7\xfc\x68\xad\
\xd3\xb1\x0e\x0c\xe9\xa2\x62\xf6\xe9\xd5\x0d\x9f\xbe\xf7\x32\x82\
\x82\x3b\x6f\x4f\x0d\xce\x81\x66\x87\x03\x4e\x01\xfb\xfd\x6e\xb7\
\x8c\x57\xdf\xf8\x00\xef\x7e\xb8\x58\xc0\xcc\x4e\xa8\xd0\xc9\x70\
\x5e\x63\x49\xe1\x61\xb5\x07\x0a\x34\xfe\xf5\x54\xf1\x71\xa6\xf4\
\xec\xcb\x00\x26\xec\xe2\x89\x9c\xac\x04\xcc\x7f\x60\x3c\x0c\x7e\
\x72\x95\x6f\x43\xb3\x03\x4b\x0a\x4b\xf0\xc9\xcf\xbb\xb1\xb5\x5c\
\x9d\xda\x1c\x49\x62\xc8\xee\x1d\x8f\xf3\x47\x76\xc3\x19\xd9\xe9\
\xbe\xf5\x77\xe3\x76\xc2\xd5\x70\x08\xa2\xbf\x60\x73\xce\x71\xdd\
\xdc\xdf\x50\xb0\x43\x48\x3d\xc0\xde\x50\x07\xef\x55\x59\x59\x24\
\xb6\x89\x81\x27\x65\x4e\x30\x98\xe4\xba\x9f\x21\xb0\xe8\x2f\x36\
\x26\x1a\x4b\x3e\x9a\x87\x98\x98\xce\x5b\x2b\xc9\x39\xd0\x68\xb3\
\xc3\x2d\x2b\x5f\x4d\x6a\x6e\x6e\xc1\x83\x8f\x3e\x87\xd5\x05\xea\
\x5e\xe3\xcb\x81\x77\xac\xc1\x75\xb7\x60\xdb\x36\xb1\x45\x36\x04\
\x00\x25\x00\xc2\x98\x33\x46\x25\x73\xee\xda\x0c\xc0\x28\x22\x5e\
\x46\xa2\x11\x9f\x3f\x3e\x11\xe1\x21\x7a\x11\xe1\x54\x75\xa4\xbe\
\x05\xf3\xbf\xdd\x8a\x05\x3f\xee\x40\x93\x4d\xd5\x0b\x3e\xfe\xa6\
\x8b\x29\x18\xd7\x8e\xcf\xc2\x15\x63\x7b\xf9\xcc\xdf\x93\x6c\xb3\
\x42\xb6\x89\xbf\x8d\x77\xdf\x91\x16\x9c\xf9\x64\x21\xec\x4e\xe5\
\x1f\xde\x29\x4d\xec\x1c\x00\x00\x20\x00\x49\x44\x41\x54\x9c\xf1\
\x47\xad\x25\x45\x4f\x0a\x98\x96\x57\x98\xd2\x72\xdf\x07\xe3\x57\
\x8b\x8a\x17\x14\x1c\x84\x45\xef\xbe\x8c\xbe\xbd\xbb\x89\x0a\xe9\
\x73\x8e\x15\xfb\xc9\x02\x8a\xfd\x0e\x1c\xac\xc2\x9d\xf7\x3e\x81\
\x62\x75\xaf\xf1\x75\x33\xce\x1f\xac\x2d\x2b\x9a\xad\xe6\x20\x81\
\x8e\x8a\x00\xc5\x60\x06\x53\xd2\x62\x06\xf4\x16\x11\xcc\x18\x66\
\xc0\xc2\x47\xce\x40\xac\x29\x44\x44\x38\xd5\xd8\xec\x2e\xcc\xfd\
\xf2\x77\x4c\x99\xb3\x02\xeb\xb6\x1f\x84\xd3\xe5\xd9\x0e\x9c\xcd\
\x36\x17\x0a\xb6\x1e\xc0\xa2\x15\xbb\x60\x30\x68\x91\x95\x1a\xe5\
\xf5\xad\x12\xa6\x31\x80\x3b\x9b\x01\x2e\xf6\xef\x22\x32\x44\x07\
\x49\x92\x50\xb4\x4b\xf9\x2a\x00\x03\x86\x85\x85\xa5\xbc\xd7\x5c\
\x5f\xd1\x20\x60\x6a\x1e\xf5\x67\x4b\xed\x7b\x45\xc5\x63\x8c\xe1\
\x95\x67\x1e\x46\xde\x88\xce\x5b\x60\xeb\x74\xbb\xd1\x64\x13\x53\
\xec\xf7\xfb\xe6\xed\xb8\xf9\x8e\xe9\xd8\x7f\xb0\x4a\xc0\xcc\x5a\
\xd5\x00\xf0\x8b\x2c\x65\x45\xef\xa9\x39\x08\xa1\x04\x40\x08\x63\
\x46\xce\x24\x06\xdc\x23\x22\x96\x56\x62\x78\x63\xea\x69\xe8\x97\
\x1e\x2d\x22\x9c\x6a\x7e\xda\xb8\x0f\x93\x9e\xfd\x01\xcb\x7f\xdb\
\x07\x97\xdb\xbb\xad\xb7\x5b\x1c\x6e\xac\xfa\xbd\x12\xdf\xaf\x2f\
\x47\xdf\xb4\x2e\x88\xf3\x66\x8d\x00\x63\x60\x4c\x73\x34\x09\x10\
\x6c\x40\x7a\x24\x96\x6f\x3e\x2c\xe0\xd6\x40\xa6\xe7\x1a\x84\xd8\
\x2c\x15\xea\x1e\xd6\x16\x4c\x8d\x96\xda\x77\xdd\x3a\x09\x57\x5d\
\x72\xb6\xa8\x70\x3e\xc7\x21\xb0\xb3\xdf\xb2\xe5\xab\x31\xf5\xa1\
\xa7\xd1\xd8\x28\xa4\x4b\x65\x6b\x2a\xb9\xc4\xc7\x5b\x4b\x8a\x7e\
\x51\x73\x10\x72\x14\x25\x00\x0a\x85\x65\x8e\xec\xa2\x91\xf9\x12\
\x30\x08\xf9\xba\x3e\xfd\x9a\x6c\x4c\xcc\x16\x56\xd7\x24\x5c\x63\
\x8b\x03\x8f\xcc\x2f\xc0\xb3\x1f\x6f\x40\x63\x8b\xe7\x96\xfb\xdb\
\xa2\xb6\xc1\x86\xc5\xbf\xec\x46\x93\xcd\x89\x11\xbd\xe3\xbd\xb6\
\x1a\xc0\x34\x3a\x70\x97\x1d\x90\xc5\x56\x45\x4b\x8c\xa1\x7b\x42\
\x38\x3e\x5f\x7b\x40\x44\xb8\x01\x86\xa8\xe4\x8f\xfc\xe5\x9e\x80\
\x3f\x5b\x6a\x2f\x85\xc0\x96\xda\x67\x8e\x1f\x8d\xc7\x1f\xba\xbd\
\x53\x56\xfc\x1f\x2b\xf6\x13\xd1\xd9\x4f\x96\x65\xcc\x7d\xe3\x03\
\x3c\xff\xd2\x9b\x70\xbb\x55\x3d\x7a\xbf\xc6\x29\x69\x4e\xad\x2f\
\x2e\x50\xf5\xd6\x20\xf2\xff\x28\x01\x50\x28\xd4\x98\xf4\x26\x18\
\x86\x8b\x88\x75\xd6\x88\x74\x3c\x74\xf9\x30\x11\xa1\x54\x51\x76\
\xb0\x1e\x57\x3e\xbd\x14\x05\x5b\x85\x3c\x80\x54\xc1\x39\xf0\xdb\
\xee\xc3\xf8\xe5\x8f\x4a\xe4\xf5\x4d\x44\x44\xa8\xb0\x2b\x76\xdb\
\x85\x69\x74\xe0\x8e\x46\xe1\x71\x13\xcc\x41\x38\x64\xb5\x63\xbb\
\xf2\xd5\x7b\x0d\xe3\x88\xb2\x59\x2a\x3e\x17\x31\x2f\x35\x85\x65\
\xe4\xc4\x68\x20\x2d\x87\xc0\x1e\xff\xfd\xb2\xba\xe3\xed\x57\x66\
\x42\xab\xeb\x7c\x3d\xfe\x8f\x15\xfb\x89\x58\x99\x6b\x69\xb1\xe1\
\xe1\xc7\x9e\xc7\xe7\x5f\xfd\x20\x60\x66\xad\x63\xc0\x7b\x16\x29\
\xf2\x62\x47\xf1\x72\xf1\x05\x34\xa4\x55\x9d\x2f\xf5\xf5\x20\x73\
\x6a\xf6\x78\x2e\xb1\xef\x45\xc4\x4a\x8b\x8f\xc0\x92\xa7\xce\x45\
\x68\x90\x4e\x44\x38\xe1\x7e\xfe\x6d\x1f\xee\x9c\xbb\xd2\xa3\x45\
\x7e\x4a\x45\x47\x06\x63\xfe\xfd\xe3\xd1\x37\xcd\x3b\x95\xdd\x72\
\xd3\x11\xc8\x2a\x6c\x05\xd4\x34\x38\x30\x6e\x46\x01\x1a\x5a\x14\
\x7f\xbb\x93\xc1\xdd\x03\x2d\x65\xeb\x36\x8b\x98\x97\x2a\x32\x27\
\x18\x4c\x72\xfd\x72\x80\xe7\x8a\x0a\x19\x13\x13\x85\x25\x1f\xcd\
\x43\x6c\x8c\x6f\x6f\xb3\x75\x84\xc8\x62\xbf\xaa\xc3\x47\x70\xd7\
\x7d\x4f\xaa\x7d\x8d\xaf\x0c\xc6\x1e\xb4\x94\x14\x3c\xaf\xe6\x20\
\xe4\xf8\x68\x05\xa0\xa3\xb2\xb2\xf4\x06\x77\xd0\xd7\x0c\x50\xfc\
\x74\xd1\xeb\x34\x78\xef\xc1\xd3\x91\x18\xed\x9b\x97\x8e\x7c\x55\
\x50\x82\xbb\xe6\xae\x84\xcd\xe9\x5f\x9d\x37\x9b\xed\x2e\x2c\x29\
\x28\x46\xdf\xf4\x2e\x48\x89\x8d\xf0\xfc\x04\xb4\x7a\xc0\x2e\x7e\
\x15\x20\xc4\xa0\x81\x24\x31\x11\x6d\x82\x19\x24\x29\xd1\x66\xa9\
\xf8\x58\xc4\xbc\xd4\x60\x34\xc5\xbc\xce\x80\x73\x45\xc5\x33\x18\
\xf4\x78\x7f\xde\xb3\xc8\x4c\xef\x2a\x2a\xa4\xcf\x10\x59\xec\xb7\
\x6b\x77\x29\x26\xdf\x3e\x0d\x7b\xf7\xed\x17\x30\xb3\x56\x35\x72\
\xc6\x2f\xb5\x96\x14\xbe\xa3\xe6\x20\xa4\x75\x3e\x74\x88\xda\xbf\
\x98\x9b\x23\x6f\x67\x40\x77\x11\xb1\xa6\x5f\x35\x1c\x59\x29\xbe\
\x79\xfe\xf8\xd3\x55\xbb\x31\xf5\xb5\x55\x70\x7a\xb9\xd0\xaf\xa3\
\x9a\xed\x2e\xdc\xf8\xc2\x8f\x58\xb3\xc5\xf3\xdb\x16\x4c\xd2\x82\
\xe9\xd5\x49\xea\xae\x39\x25\x05\x5d\xa3\x83\x95\x07\xe2\x38\xdb\
\x9c\x99\xe3\x93\x6d\x26\x4d\x19\x39\xf7\x33\x8e\x1b\x44\xc5\x63\
\x8c\x61\xf6\xcc\x07\x30\xa0\x5f\x4f\x51\x21\x7d\x86\xc3\xe9\x42\
\x93\xcd\x01\x2e\xa0\x07\xc5\xb2\x9f\xd6\xe0\x9a\x9b\xee\x45\xd5\
\x61\x55\xef\xd9\xd9\x0b\xee\xce\xb5\x96\x14\x7d\xa9\xe6\x20\xe4\
\xc4\x68\x05\xa0\x03\xc2\x32\x72\x62\x24\x60\x31\x04\x14\x24\x8d\
\xea\x9f\x84\xe9\x57\x0d\xf7\xc9\x42\xa4\xef\xd7\x97\xe3\xde\xd7\
\x56\x09\x59\x4e\xf4\x26\xb7\xcc\xb1\x74\x43\x39\x86\xf7\x8a\x47\
\x82\xa7\x57\x59\x34\x86\x3f\x6b\x01\xc4\xfe\x1d\x6a\x24\x86\x58\
\x53\x10\x96\x6e\x54\x7e\x1c\x8b\x73\x74\xb5\x59\x2a\x3e\x14\x30\
\x2d\x61\x4c\x69\x79\x13\x01\xfe\x36\x04\x6e\x53\xde\x79\xf3\x55\
\xb8\xfa\x32\x61\x8b\x09\x3e\x41\x64\xb1\x1f\xe7\x1c\x6f\xbe\xfb\
\x31\x9e\x7d\xe1\x75\xb8\x04\x74\x0a\x3c\x81\x42\x27\xc3\xd8\xfa\
\xd2\xb5\xa5\x6a\x0e\x42\x4e\x8e\x56\x00\x3a\x40\x07\xcc\x04\x10\
\xa9\x34\x4e\x44\xa8\x1e\xcf\xdc\x90\xe7\x93\x0f\xff\xdf\xf6\x54\
\xe1\xee\xb9\x2b\x84\xdc\x12\xe6\x0b\x6c\x76\x17\x6e\x7e\xf1\x47\
\xec\x3b\xec\xd9\xa3\xef\x4c\x92\x20\x05\x85\xab\x12\x7b\xfc\x80\
\x18\xe4\xf4\x54\xbe\x72\xc4\x80\xd3\x7c\x69\x15\xc0\x9c\x39\xb2\
\x37\x98\x2c\xf4\x32\xad\xd3\xc7\xe4\xe1\x8e\x9b\x85\xf5\x0e\xf2\
\x09\x9c\x03\x4d\x36\xbb\x90\xb6\xbe\x0e\xa7\x13\xd3\x9f\x78\x11\
\xaf\xbf\xb5\x50\xc8\x16\xc2\x09\x7c\x1c\xea\xe0\x63\xa9\xad\xaf\
\x6f\xa0\x04\xa0\x9d\x4c\x69\xc3\xfb\x81\xe3\x3a\x11\xb1\x66\x5c\
\x93\xed\x93\x7d\xed\xab\x2d\x2d\xb8\xe5\xe5\xe5\xb0\x7b\xb8\xb1\
\x8f\xda\x6a\x1b\xec\xb8\xe1\xf9\x65\x68\xf1\x70\x21\xa3\xa4\x0f\
\x07\x63\xea\x2c\xb6\x4d\x3d\x27\x13\x22\xf2\x47\xce\xf1\xa0\xf2\
\x28\xca\x85\x65\xe4\xc4\x70\xd9\xfd\x2d\x04\x24\xd8\xc7\xf4\xe9\
\xd5\x0d\x2f\x3d\xfd\x10\x24\xa9\xf3\x7c\xdc\xb9\x65\x19\x0d\x36\
\x1b\x5c\x02\xda\xfa\xd6\xd4\x58\x70\xfd\x2d\x0f\xe0\xdb\xef\x57\
\x08\x98\x59\xab\x64\x00\x0f\x5a\x4a\x0b\x2f\xf3\xeb\x36\xd4\x9d\
\x4c\xe7\x79\x47\x78\x0a\xd3\x3c\x05\x01\x5b\x27\x63\x07\x77\xc5\
\xb9\x79\x99\x02\x26\x24\x96\x2c\x73\xdc\x31\x77\x05\xaa\x2d\x9d\
\xf3\x3d\x5a\xbc\xdf\x8a\x19\x1f\xac\xf5\xec\xa0\x4c\x82\x64\x50\
\x67\xeb\xa1\x6f\x4a\x04\xc6\xf6\x8b\x51\x1e\x88\x63\xe2\xd1\xb3\
\xf6\x5e\x94\x39\xc1\xa0\xe3\xf8\x0c\x40\xaa\xa8\x90\x31\x5d\xcc\
\x78\x6b\xce\x93\x9d\xea\x82\x1f\xa7\xdb\x8d\xc6\x16\x31\x95\xfe\
\xbb\x76\x97\xe2\x8a\xeb\xee\xc6\xd6\x6d\xbb\x05\xcc\xac\x55\x8d\
\x5c\xc2\xf9\x96\xd2\xc2\x67\xd5\x1c\x84\xb4\x1f\x25\x00\xed\x10\
\x95\x96\x3d\x0c\xc0\x99\x4a\xe3\x04\x19\xb4\x98\x7e\x95\xcf\xac\
\xb8\xfe\xcd\xbb\xdf\x6f\xc3\xba\x1d\x9d\xea\xca\xf8\x7f\xf9\x74\
\xe5\x6e\x2c\x5d\x57\xe6\xd1\x31\x59\x50\x04\x98\x4a\xdf\x40\xef\
\x3a\x3b\x13\x92\xf2\x65\x00\x06\xa6\x79\x48\xc4\x7c\x3a\xca\xc4\
\xeb\xfe\x03\x20\x4f\x54\x3c\x83\x41\x8f\xd7\x5f\x7c\x02\x71\xb1\
\x5d\x44\x85\xf4\x3a\x91\xc5\x7e\x05\x45\x1b\x71\xfd\xad\x0f\xaa\
\x5d\xec\xb7\x5f\x66\x52\xbe\xb5\xb8\xf0\x2b\x35\x07\x21\x1d\xd3\
\xf9\xba\x60\xa8\x48\x66\x6c\x16\x04\x14\x25\xdd\x73\xe1\x20\x24\
\xc7\xf8\xde\x91\xbf\xf2\xaa\x7a\x3c\xff\xc9\xaf\xaa\xc5\x0f\x96\
\xb4\x18\x16\x19\x83\xc1\xe1\x31\xe8\x16\x62\x44\x4a\x50\x38\xc2\
\xb4\x7a\x34\xb9\x9d\xd8\x6f\x6b\x42\xbd\xcb\x81\xc3\xce\x66\x6c\
\x69\xac\xc1\x96\xc6\x1a\xec\xb3\xa9\xb7\x5f\x3f\xe3\x83\x22\xe4\
\xf5\x4d\xf4\xe0\x25\x42\x0c\x4c\x1f\x0e\x6e\xab\x13\x1e\xb9\x5b\
\x7c\x28\xce\x1a\x1a\x8b\x25\xeb\x0f\x29\x0d\x75\x51\x74\x5a\xee\
\x8c\x23\x65\x05\xbb\x44\xcc\xab\x3d\x4c\x19\xb9\xf7\x81\xf3\x1b\
\x45\xc5\x63\x8c\x61\xd6\x8c\x7b\x31\xb0\x7f\x2f\x51\x21\xbd\x8a\
\x73\xa0\xc5\xe1\x80\x43\x50\x71\xde\xc2\x45\x5f\xe1\xc5\x57\xe6\
\x43\x16\xb0\x85\xd0\x2a\x86\xb5\x5a\xb7\xf3\xbc\xea\xf2\x0d\x8a\
\x7f\x31\x89\x3a\x28\x01\x68\x23\x73\x5a\xce\x38\x0e\x9c\xa2\x34\
\x4e\xaf\x14\x33\x26\x4d\xe8\x23\x62\x4a\xc2\x3d\xbd\x60\x1d\x1c\
\x2a\x9c\xf5\xef\x11\x62\xc2\xe5\xf1\xdd\x71\xaa\x31\x09\xc1\x9a\
\x7f\xff\xca\x85\x48\x5a\x74\xd1\xfd\xff\x91\xb6\x0b\x63\x8e\x6e\
\x8d\x94\xb6\xd4\xe3\xab\xea\x52\x7c\x77\xa4\x1c\x16\x97\x5d\xe8\
\x9c\xaa\x2d\x2d\x78\x71\xd1\x46\x3c\x36\xc9\x73\x2b\x31\x92\x21\
\x1c\xb2\xbd\x41\xf8\x45\x41\x00\x70\xfb\x99\x19\x58\xba\xb1\x0a\
\x4e\xb7\xa2\x6f\x86\x1a\x99\xf1\x07\x00\x31\x35\x2e\x6d\x65\x4a\
\xcb\x9b\x08\x2e\xcf\x12\x19\x73\xca\x8d\x57\xe0\xdc\x33\xc7\x88\
\x0c\xe9\x35\xc7\x8a\xfd\x44\xec\xf7\x3b\x9c\x4e\xcc\x9c\x35\x17\
\x5f\x7f\xb7\x5c\xc0\xcc\x4e\x68\x41\xa4\x5b\x7f\x63\x79\x79\xa1\
\x4d\xed\x81\x48\xc7\xd1\x31\xc0\x36\x32\x98\x93\x3f\x62\x40\xa2\
\x92\x18\x8c\x31\xcc\xbb\x6b\x0c\x92\x7c\xb0\xe1\x4f\xc1\xd6\x03\
\x78\x61\xd1\x46\xa1\x31\x13\x0d\xa1\x98\x91\x3e\x02\xf7\xa4\x0c\
\x40\xf7\x10\x23\x74\xed\x5c\x02\x37\xe9\x0c\xc8\x8e\x8c\xc3\xc5\
\xb1\x99\xd0\x32\x0d\xb6\x37\xd7\xc0\x25\xb0\x42\x79\x7b\x79\x0d\
\xce\xce\xcb\x80\xd1\x53\xed\x82\x19\x03\x20\x1f\xbd\x27\x40\x30\
\x63\xa8\x0e\x87\xac\x76\x6c\xdb\xa7\xb8\x93\x6a\x56\x58\x58\xd7\
\x77\x3c\x75\x53\xa0\x29\x3d\xbb\x2f\x18\xbe\x85\xc0\x1e\xff\xa7\
\x8f\xc9\xc3\x93\x8f\xdc\xe9\x93\xa7\x6b\xda\x4b\x96\x65\x34\xda\
\xed\x42\x4e\xe3\x58\xac\x75\xb8\x63\xea\x0c\xac\x5a\xb3\x5e\xc0\
\xcc\x5a\x25\x03\x6c\x9a\xa5\xb4\x70\xaa\xd5\x5a\x2e\xf6\x32\x0c\
\x22\x1c\xd5\x00\xb4\x41\x54\xfa\x88\xb1\x0c\x50\xdc\xa4\xff\x8c\
\xe1\xa9\x18\xdc\x5d\x58\x3b\x73\xa1\xe6\x7c\xbe\x49\x68\xbc\x8b\
\x62\x33\xb1\xa8\xef\x04\x8c\x36\x25\x28\x8e\x15\x24\x69\x71\x53\
\x62\x16\x3e\xef\x7b\x26\x86\x45\xc4\x09\x98\xdd\x51\x4e\xb7\x8c\
\x39\x9f\x89\xfd\x73\x9f\x8c\x64\x88\x00\x98\x3a\x6f\xbb\x5b\x4e\
\x4f\x83\x4e\xa3\xf8\xa1\xa7\x77\xeb\xe4\x29\x22\xe6\x73\x32\xe1\
\x3d\x87\x45\x01\xec\x0b\x00\xc2\xce\x49\xf6\xee\x99\x81\x17\x9f\
\x7a\xb0\x53\x54\xfc\x3b\xdd\x6e\x34\x08\x2a\xf6\xdb\xb7\xef\x00\
\x26\x4d\xbe\x0f\x9b\xfe\xd8\x2e\x60\x66\xad\xe1\x4d\x9c\xf1\x0b\
\x2d\xa5\x05\xcf\x40\x74\xe3\x0b\xa2\x0a\xff\x7f\x97\x78\x00\x87\
\xa4\xf8\x88\x94\x5e\xab\xc1\xd4\x4b\x86\x88\x98\x8e\x70\xeb\x76\
\x1c\xc4\x86\x9d\x62\xb6\xe9\x74\x4c\xc2\x93\x19\x23\xf0\x40\xca\
\x60\x18\x24\xb1\x0b\x4c\x5d\xf4\xc1\xf8\x4f\x8f\x51\xb8\x2e\xa1\
\x17\x98\xa0\xfe\x30\x4b\x0a\x4a\xb0\xff\x88\xf8\x76\xbd\xad\x62\
\x12\x24\x95\xba\x03\x26\x98\x83\x70\xd6\x90\x78\x01\x91\xd8\xcd\
\xb1\xb1\xfd\xd4\x3d\x9f\x3a\x78\xb0\x4e\x6b\xd7\x2c\x06\x90\x21\
\x2a\x64\x97\x68\x33\xde\x9e\xf3\x14\x82\x43\x04\x74\x48\xf4\x32\
\x91\xc5\x7e\x6b\xd7\x6d\xc2\x15\xd7\xdf\x8d\x7d\xfb\x54\xed\x86\
\xb9\x5f\x66\x9a\xd1\xd6\x92\xa2\x2f\xd4\x1c\x84\x88\x45\x09\xc0\
\x49\x44\xa5\xe7\x0c\xe5\x80\xe2\xcd\xc4\x49\xa7\xf7\x46\xaa\x37\
\xfa\xd1\xb7\xc1\xfb\xdf\x6f\x13\x12\x47\xcf\x24\xbc\xd8\x3d\x0f\
\x13\xa2\x52\x84\xc4\x3b\x1e\x0d\x63\xb8\x35\xa9\x1f\x1e\x48\x1d\
\x24\x24\x09\x70\xcb\x1c\x0b\x7e\xdc\x21\x60\x66\x6d\x27\x05\x85\
\x43\xc8\xe1\xfd\xe3\x98\x3c\x3e\x55\xc4\x89\x00\x93\x23\x34\xec\
\x1a\x11\xf3\x69\x75\x00\xab\xe1\x55\x30\x96\x2f\x2a\x9e\xc1\xa0\
\xc7\x1b\x2f\x3d\x81\xf8\x38\xff\xae\xf8\xe7\x1c\x68\xb6\x3b\xd0\
\xec\x10\xd3\xab\xe2\xb3\xaf\xbe\xc7\xed\x53\x67\xa0\xb1\xb1\x49\
\x48\xbc\xe3\x62\x58\xab\x95\x9d\x43\xea\x4a\xd6\x88\xdd\x43\x24\
\xaa\xa3\x04\xe0\x24\x38\xb8\xe2\x6f\xff\xc6\x30\x03\x6e\x3d\x67\
\x80\x88\xe9\x08\x77\xc4\xda\x8c\xe5\xbf\x55\x28\x8e\x23\x31\x86\
\x27\x33\x46\x20\x3b\x52\xc4\x37\xd0\x93\xbb\x30\x26\x13\x77\x75\
\xed\x2f\x24\xd6\xa2\x15\xbb\x85\x55\x57\xb7\x09\xd3\x80\xe9\x42\
\x54\x09\x9d\x1e\x17\x8a\xb1\x03\x94\x3f\x04\x39\x70\x27\x54\xfa\
\x7c\x30\xa7\x65\xdf\x0b\x0e\xa1\x15\xff\xcf\x3c\x36\xd5\xef\x2b\
\xfe\x8f\x15\xfb\x89\xf8\x5d\x74\xb9\x5c\x98\xf9\xec\xab\x98\x39\
\x6b\x2e\x5c\x6e\x35\x7f\xb7\xd9\x47\x91\x6e\xfd\x29\x54\xe9\xef\
\x9f\x28\x01\x38\x81\xe8\xf4\xbc\xee\x1c\x4c\x71\xf3\xf0\x1b\xce\
\xe8\x8b\x88\x50\x4f\x1d\x37\x6b\x9f\x25\x85\xa5\x42\x2e\xfa\xb9\
\x36\xbe\x37\xc6\x98\x93\x05\xcc\xa8\xed\xae\x88\xeb\x81\x89\xd1\
\x69\x8a\xe3\x58\x1a\x6d\x58\xb3\x59\xd5\x5b\xcf\xfe\x45\x32\xa8\
\xd3\x1e\x18\x38\x5a\x0b\xa0\x14\x03\xba\x9b\xd2\xf2\x14\xf7\xbc\
\xf8\x27\x53\x7a\xf6\x59\xfc\xe8\x71\x5a\x61\x6e\xb9\xfe\x52\x9c\
\x77\xd6\x58\x91\x21\x3d\x4e\x16\xd8\xd9\xaf\xae\xbe\x01\xb7\xdd\
\xf5\x18\x3e\xfb\x72\xa9\x80\x99\xb5\x8a\x83\xe3\x11\x4b\x69\xc1\
\x95\xe5\xe5\x2b\xa9\xd2\xdf\x4f\x51\x02\x70\x02\x6e\x2e\x4f\x81\
\xc2\xbf\xa3\xa8\xf0\x20\x4c\x9a\x90\x25\x68\x46\xe2\xfd\xf0\xeb\
\x5e\xc5\x31\xb2\xc2\xa2\x70\x53\x92\x77\xfe\x8c\xf7\xa5\x0e\x42\
\xb2\x80\x2e\x7b\x5f\x17\x79\xf6\x5e\x12\xa6\xd1\x83\x69\xd5\xe9\
\x4e\x97\x95\x1c\x81\x91\xbd\x45\xdc\x75\xef\xbe\x47\x40\x90\xff\
\x31\x65\xe4\xf4\x01\xd8\x47\x10\x78\xfa\x68\xdc\xa9\xb9\x98\x3a\
\xc5\xa3\xa7\x16\x85\x13\x5d\xec\x77\xf5\x8d\x53\xb1\x7e\xe3\x1f\
\x02\x66\xd6\x1a\xde\xc4\xc1\x2e\xb4\x94\x15\x3e\x05\x2a\xf6\xf3\
\x6b\x94\x00\xb4\x22\xba\x47\x6e\x38\x18\x14\xef\x83\xde\x38\xb1\
\x1f\x42\x0c\xbe\xd9\x6e\xa1\xa6\xc1\x86\xdf\x76\x2b\xbb\x4d\x4e\
\x62\x0c\x0f\xa4\x0c\x82\x46\xdc\xa5\x6d\xed\x12\x22\x69\xf1\x70\
\x9a\xf2\xe2\xca\xd5\x9b\x2b\x3d\x7e\xeb\xa1\x5a\xed\x81\x01\xe0\
\x86\xd3\x04\xd4\x61\x30\x96\x6f\x4c\xcb\x13\xb2\xcf\x12\x96\x39\
\xb2\x0b\x38\x5f\x02\x81\x15\xff\xbd\x7a\x64\xe0\xa5\x67\xfc\xbb\
\xc7\xbf\xc8\x62\xbf\x75\xbf\xfe\x8e\xab\x6e\xbc\x47\xed\x62\xbf\
\x4a\x2e\x61\xa4\xb5\xb4\xe0\x73\x35\x07\x21\x9e\xe1\xbf\xef\x1c\
\x95\xb9\x1d\xb8\x06\x80\xa2\xaa\xbd\xe8\xc8\x60\x5c\x7d\x9a\xef\
\xee\x4b\x6e\xd8\x71\x48\xf1\xf9\xe2\x31\xa6\x24\xf4\x0e\x35\x0b\
\x9a\x51\xc7\x0c\x8d\x88\xc5\xe0\x70\x65\xfb\xde\xb5\x0d\x76\xec\
\xa8\xa8\x15\x34\xa3\xb6\x61\xda\x10\x30\x8d\x4e\x95\xd8\xd9\x3d\
\xcc\xe8\x91\xa8\xfc\x59\xcb\x98\x3c\x59\x71\x90\xac\x2c\xbd\x4e\
\x76\x7f\x06\x30\xe5\x7b\x13\x7f\x8a\x8e\x32\xe1\xed\x39\x33\x11\
\x12\xec\x9f\x15\xff\xa2\x8b\xfd\x16\x7f\xb1\x14\x53\xee\x9e\x81\
\xfa\x7a\xf5\x4e\xb4\x70\x60\xbd\xc6\xad\x19\x66\x2d\x2e\xf2\xec\
\xd9\x59\xa2\x1a\x4a\x00\x8e\x8f\x81\xf1\xdb\x94\x06\xb9\x6e\x42\
\x16\x82\x7c\xf4\xdb\x3f\x00\xfc\xaa\xf0\xdb\x3f\x00\x5c\x15\xdf\
\x53\xc0\x4c\x94\xbb\x29\x51\x79\x77\xc5\xf5\x3b\x3c\x5c\xc7\xc4\
\x00\xa6\xe2\x2a\xc0\xa4\x53\xbb\x8a\x08\x73\x95\x39\x73\xb8\xa2\
\x44\xd8\xd4\x1c\xf9\x1f\x00\x23\x45\x4c\x06\x00\xf4\x3a\x1d\xe6\
\x3e\x3f\x1d\x09\xf1\x02\x2e\x41\xf2\x02\x91\xc5\x7e\x6e\xb7\x8c\
\x39\xf3\xde\xc3\x53\xcf\xbd\x0a\x97\x4b\xc5\xbe\x3b\x8c\x7d\x1a\
\x62\xb3\x9f\x72\x64\xef\xea\xce\x7d\x51\x48\x80\xa1\x04\xe0\x38\
\xa2\xd2\x47\x8c\x01\xa0\xe8\xc9\x16\x62\xd0\xe2\xb2\x31\xbe\xfb\
\xed\x1f\x00\xb6\x94\x2a\xbb\x04\x24\x33\xc4\xe8\xf5\x6f\xff\xc7\
\x0c\x8e\x88\x41\xa2\x41\xd9\xd1\xf5\x1d\xe5\x35\x82\x66\xd3\x76\
\x92\x3e\x4c\xb5\xc6\x40\x13\x87\xc4\x21\x2a\x42\x71\xf1\x69\x18\
\x97\x35\x57\x74\xf4\xc5\xe6\xb4\x9c\xa9\x60\xb8\x49\xe9\x24\xfe\
\xea\x99\x19\xf7\x60\xf8\x10\x31\x27\x40\x3c\x4d\x64\xb1\x5f\x63\
\x63\x13\xee\xb8\xf7\x71\xbc\xfb\xe1\x62\x01\x33\x6b\x15\xe7\x8c\
\x3f\x6a\x29\x29\xb8\xe4\xc0\x81\x8d\xcd\x6a\x0e\x44\x3c\x8f\x12\
\x80\xe3\x90\xb9\x74\x83\xd2\x18\x97\x8e\xe9\x89\x48\x1f\xad\xfc\
\x3f\xa6\xb8\xd2\xaa\xe8\xf5\x63\xcd\x49\x82\x66\x22\xc6\xa9\x26\
\x65\xa7\x10\xb6\xef\xf3\xec\x16\xc0\x51\x0c\x4c\xaf\x4e\xcf\x1d\
\xbd\x4e\xc2\xe5\x23\x45\xfc\x1b\xb1\x9b\x3b\xf2\x2a\x73\x46\xf6\
\xe9\x9c\x41\xe8\x15\xb0\x37\x5f\x77\x29\xce\x9f\x38\x4e\x64\x48\
\x8f\x11\x59\xec\x57\x79\xe0\x10\x26\xdd\x74\x1f\x0a\xd7\xaa\x7a\
\xf4\xde\x06\xf0\x2b\xad\x25\x45\x4f\x82\x8a\xfd\x3a\x25\x4a\x00\
\xfe\xc1\x94\x3e\x38\x12\x0c\x67\x2b\x89\xa1\x95\x18\xae\x3d\xdd\
\x77\x2b\xff\x81\xa3\x05\x80\x96\x46\x65\xa7\x77\x86\x46\xf8\xd6\
\x12\xec\x28\x85\x6d\x87\x2b\x0e\x7b\xa4\xfd\xfd\xbf\x48\x2a\x25\
\x00\x00\x70\xf9\xa8\x64\xe8\x75\x4a\xdf\xe6\xbc\x9f\x39\x23\x3b\
\xa7\x3d\xaf\x88\x4a\x19\xd1\x8b\x73\xf6\x31\x04\x56\xfc\xe7\xe7\
\x0d\xc3\xbd\xb7\x5f\x2f\x2a\x9c\x47\x89\x2c\xf6\xfb\x63\xcb\x0e\
\x5c\x73\xc3\xbd\x28\x29\xdb\x27\x60\x66\xad\x60\x38\x20\x01\xa3\
\x2c\xa5\x45\x1f\xa9\x37\x08\xf1\x36\x4a\x00\xfe\xc5\x70\x05\x00\
\x45\x95\x45\xa7\x0f\x4b\x43\xa2\x0f\x5e\xf8\xf3\x57\xd5\x16\x65\
\xab\x79\x1a\xc6\xd0\x2b\xc4\x37\x96\xff\x8f\xe9\x1e\x62\x54\xd4\
\x1d\xb0\xa1\xd9\x81\x26\x9b\x98\xa2\xac\xf6\x60\x1a\x3d\xa0\x55\
\xe7\x42\xa2\xa8\x70\x3d\xce\x1a\xac\xfc\xfe\x09\xce\xd9\x2d\x6d\
\xfd\xd9\xb0\xcc\x91\x5d\x64\x0d\xfb\x16\x40\xa4\xe2\x81\xff\xe2\
\xc6\x49\x17\x43\xa3\xf1\xaf\x8f\x2c\xd1\xc5\x7e\x4b\xbe\xfd\x09\
\x37\xde\xfa\x30\x6a\x2d\xca\x56\xef\x4e\x84\x03\x1b\x34\x0e\x36\
\xb4\xa6\xb4\x70\x83\x6a\x83\x10\x9f\xe0\x5f\xef\x26\x0f\xe0\xc0\
\x24\xa5\x31\xae\x38\xcd\x37\x0a\xe3\x4e\xa4\xa6\xbe\x45\xd1\xeb\
\xe3\xf4\x21\xd0\x0b\xee\xf5\xaf\x54\xa8\x46\x87\x58\xbd\xb2\xaa\
\xf0\xc3\x56\xef\x6c\x73\xaa\x75\x3f\x00\x00\x5c\x3a\x52\x48\x83\
\xa6\x8b\xc2\xbb\xe7\x9f\xbc\xb9\x80\x0a\x15\xff\xc7\x7c\xa5\xfe\
\x15\xb6\x42\x89\x2c\xf6\x93\x65\x19\xaf\xbc\xfa\x2e\x1e\x9b\xf9\
\x32\x9c\x2e\x15\x93\x54\x8e\x4f\xc2\x1c\x7c\xf4\x91\x8a\x02\x55\
\xcf\x12\x12\xdf\x40\x09\xc0\x5f\x98\x32\x72\xfa\x30\x60\xa8\x92\
\x18\x99\x89\x46\x0c\xef\xe5\x99\x76\xb8\x4a\x34\x34\x2b\xfb\x10\
\x31\xeb\xd4\x69\x62\xa3\x54\x9c\x41\x59\x8b\x5d\x9b\xdd\x83\x2d\
\x81\xff\x42\xd2\x05\xab\x56\x0c\x38\x20\x2d\x12\x3d\x93\x14\x27\
\x18\x06\x8d\xcb\x7e\xe5\xc9\x7e\xc8\xd8\x12\xf9\x1a\x04\x56\xfc\
\xff\xd5\x77\x3f\xfc\x82\x96\x66\x65\x89\xab\xa7\x88\x2c\xf6\x6b\
\x6e\xb1\x61\xea\x83\x4f\xe3\xbd\x05\x9f\x09\x98\x59\xab\x38\x07\
\x66\x58\xca\x0a\x2f\xab\xac\x2c\xf2\x8f\xbf\x64\xa2\x18\x25\x00\
\x7f\xc5\x71\xd2\x0f\xb8\x93\xb9\xca\x87\xcf\xfd\xff\x95\xd2\x0f\
\xa6\x60\x49\x9d\xf3\xeb\x4a\xe9\x98\xb2\x55\x09\x9b\xc3\x4b\x57\
\x98\x33\x49\xd5\x5a\x80\x4b\xf3\x94\xaf\x02\x30\xb0\x13\xb6\xdc\
\x33\xa7\xe5\x4c\x65\x80\x6a\x6d\xf9\x1a\x9b\x9a\xb0\xf8\xeb\x65\
\x6a\x85\x17\x46\x64\xb1\xdf\xe1\xea\x1a\xdc\x78\xeb\x83\x58\xb9\
\x7a\xad\x80\x99\xb5\xca\x06\x8e\xab\xad\xa5\x85\x8f\x83\x8a\xfd\
\x02\x0a\x25\x00\xff\x8f\x81\xe3\x22\x25\x01\x42\x0c\x5a\x9c\x9b\
\x97\x29\x6a\x3e\xaa\x92\xdd\xca\xde\xe7\x4e\xee\x9d\x6f\xca\x27\
\xa3\x55\x78\x13\x9e\x46\xf2\x4e\x47\x43\x40\xdd\xce\x80\xe7\x0c\
\x8f\x47\xa8\x41\xf1\x96\x4d\xdf\xc8\xcc\x11\x83\x8e\xf7\x1f\x4c\
\xe9\x39\x67\x8a\xae\xf8\x3f\x9e\x77\x17\x7c\x0e\x59\xc0\xb7\x6a\
\xb5\x88\x2c\xf6\xdb\xb2\x75\x17\x2e\xbf\xf6\x2e\x6c\xdf\x59\x2c\
\x60\x66\xad\x60\x38\x20\x83\x8d\xb4\x94\x15\x2e\x50\x6f\x10\xe2\
\xab\x28\x01\xf8\x53\x54\x5a\xf6\x50\x30\xa4\x2b\x89\x31\x61\x78\
\x2a\xc2\x43\x7c\xfb\xe8\xdf\x31\x21\x41\xca\xbe\xc1\xd7\xb9\xec\
\x82\x66\x22\x56\xbd\x5b\xd9\xd6\x46\x58\xb0\x17\xff\xfd\x24\x1d\
\x98\x4a\xc5\x80\xa1\x06\x0d\x26\x0e\x55\xbe\x35\x25\x71\x76\xed\
\x3f\xff\x3f\x73\x66\x6e\x16\x00\xa1\x3d\xfe\x5b\x53\xb6\xb7\x12\
\xcb\x56\x14\xaa\x3d\x4c\xbb\x89\x2e\xf6\xfb\xfe\xc7\x55\xb8\xe1\
\xb6\x07\x51\x53\x63\x11\x12\xef\x78\x18\xb0\x51\xd2\xf0\x61\x75\
\xa5\x05\xbf\xaa\x36\x08\xf1\x69\x94\x00\xfc\xc9\xcd\xd8\x25\x4a\
\x63\x9c\x37\xb2\x9b\x88\xa9\x78\x44\x78\x88\xd2\x04\xc0\xf3\xd5\
\xf2\x6d\x71\xd0\xae\xec\xde\xf3\xd0\x60\xef\x76\x6e\x64\x3a\x75\
\x8f\x04\x2a\xc6\xd9\xe5\xc8\x9c\xf0\xbf\x2c\x25\xbc\xe7\xb0\x28\
\x2e\xf3\x2f\xa1\xb0\x6d\x76\x7b\xbc\x38\xf7\x5d\x9f\x5a\x05\x10\
\x59\xec\xc7\x39\xc7\xbb\x1f\x2e\xc6\xc3\x8f\xcd\x86\x43\x50\x32\
\x71\xdc\x71\x80\xc5\x41\x36\xfb\xa8\x9a\xdd\x45\x9e\xbd\x06\x93\
\xf8\x14\x4a\x00\x8e\x62\x0c\xca\x96\xff\xe3\xa3\x42\x31\xc2\x0f\
\x8a\xff\x8e\x89\x8a\x50\x56\x2d\x5f\xe3\x6c\x41\x8d\xd3\xb7\x6a\
\x85\x5a\x64\x17\x2c\xce\x8e\xaf\x4c\x30\xc6\x60\x0c\x55\xe7\x1b\
\x78\x5b\x49\xfa\x90\xa3\xbf\x8d\x2a\xe8\x99\x14\x86\xbe\x29\x8a\
\x9f\xd3\x66\xb3\xbb\xfe\x1c\x00\x40\x56\x96\x5e\xeb\xd0\x7e\x0e\
\xc0\xa3\xfb\x5e\x7b\x4a\xca\xb1\x64\xe9\x0a\x4f\x0e\xd9\x2a\x91\
\xc5\x7e\x76\xbb\x03\x0f\x4c\x7f\x16\x73\xe6\xbd\x07\xce\x55\xdb\
\x8a\xe7\x0c\xfc\x09\x6b\x69\xe1\xc5\xd4\xd9\x8f\x50\x02\x00\xc0\
\x9c\x99\x33\x02\x80\xa2\xaf\x47\xe7\xe4\x66\x42\xf2\xe2\xfe\x71\
\x7b\x25\x77\x09\x03\x53\xf8\xa0\xd9\xdc\xe8\xf9\xd6\xb9\x27\xb2\
\xb1\xfe\xb0\xa2\xbd\xd7\xf8\xa8\x10\x18\xf4\x5e\xbe\xbb\x81\x49\
\x90\xb4\xca\x4e\x32\x9c\xc8\x79\x23\x94\x35\x4b\x02\x00\xce\xe4\
\x49\x00\x60\x6c\x89\x98\x07\x60\x94\xe2\x80\x1d\xf0\xdc\x2b\x6f\
\x79\xfd\x44\x80\xc8\x62\xbf\xea\xea\x5a\x5c\x7f\xcb\x03\xf8\x71\
\xf9\x1a\x01\x33\x6b\x55\x0b\x18\x2e\xaf\x2d\x2d\x7a\x0c\x54\xec\
\x47\x40\x09\x00\x00\x80\xcb\x4c\x51\xe7\x3f\x00\x38\x7f\xa4\x7f\
\x14\xff\x1d\x63\xd0\x6b\x11\x6d\x54\x76\x94\x6f\x63\x7d\xb5\xa0\
\xd9\x88\xb1\xb6\x4e\xd9\xe5\x46\x69\x71\x42\xfb\xd6\x74\x18\xd3\
\xab\x97\x00\x9c\x35\x24\x0e\x7a\xad\xd2\x44\x95\x8d\x33\x65\xe4\
\x3e\xcf\xc0\xbc\xd6\x96\xef\xe0\xa1\x6a\xcc\x7d\x7b\xa1\xb7\x86\
\x17\x5a\xec\xb7\x63\x57\x31\xae\xbc\xfe\x6e\x6c\xdb\xb1\x47\xc0\
\xcc\x5a\x75\x50\xe2\x3c\xdf\x52\x52\xf8\xb1\x9a\x83\x10\xff\x42\
\x09\x00\x00\x80\x9f\xa5\xe4\xd5\xdd\x93\x4d\xc8\x4c\x34\x8a\x9a\
\x8c\xc7\x64\xa5\x9c\xbc\xaf\xcb\x89\xfc\x50\xb3\x17\x4e\xee\x1b\
\x7b\xb1\x6e\xce\xb1\xca\xaa\x6c\x3b\x33\x2d\xde\x47\x12\x00\x5d\
\x30\xa0\x52\x93\x25\x63\xa8\x0e\xa7\xf4\x53\xdc\xc2\x59\x03\xce\
\xef\x15\x31\x1f\x25\xde\x7e\x7f\x31\x76\xee\x2e\xf1\xe8\x98\xa2\
\x8b\xfd\x96\xaf\x2c\xc4\xf5\xb7\x3c\x80\xc3\xd5\xaa\xae\xa6\xfd\
\xc6\x24\xf7\xb0\x9a\xb2\xa2\xf5\x6a\x0e\x42\xfc\x4f\xc0\x27\x00\
\xc6\xb4\x9c\x14\x00\x8a\xee\x92\x9d\x30\x4c\x78\xd3\x33\x8f\xe8\
\x9f\xa1\x2c\x01\xb0\xb8\xec\xf8\xc5\xe2\x1b\x35\x44\xab\x2c\xfb\
\x15\x17\x00\x0e\xee\xae\xbc\x65\xae\x28\x92\x4e\xbd\x55\x80\xf3\
\x87\xfb\x4f\xad\xca\x89\x38\x9c\x4e\xdc\x33\xed\x59\x38\x9c\x9e\
\x29\x48\xe5\x1c\x68\xb2\x8b\x29\xf6\x03\x80\x85\x8b\xbe\xc2\xfd\
\xd3\x66\xa1\xa5\x45\xbd\x13\x35\x1c\xf8\x4c\xdf\xd4\x38\xaa\xb6\
\x78\x5d\xa5\x6a\x83\x10\xbf\x15\xf0\x09\x00\x03\x9b\xa8\x34\xc6\
\x84\x61\xa9\x02\x66\xe2\x79\x83\xbb\xc7\x29\x8e\xf1\xee\x81\x1d\
\x90\xd5\x2b\x58\x6a\xb3\x85\x87\x76\x2b\x8e\x31\xa2\xb7\xf2\xbf\
\x0f\x51\xd4\xba\x21\x10\x00\x46\x66\x45\xa3\x4b\xa4\x7f\x1c\x57\
\x3d\x99\x1d\xbb\x4a\xf0\xca\x6b\xef\xab\x3e\xce\xff\x8a\xfd\xdc\
\xca\x57\xbc\x1c\x4e\x27\x1e\x79\xfc\x05\xcc\x7e\xe9\x2d\x35\x4f\
\x33\x70\xc6\x31\xd3\x5a\x5a\x78\x51\x55\xd5\x66\x65\x99\x31\xe9\
\xb4\x02\x3e\x01\x00\xe3\x8a\x12\x80\xf4\x84\x48\x74\x4f\x36\x89\
\x9a\x8d\x47\x0d\xed\x15\x87\x10\x83\xb2\xa2\xb7\x9d\xcd\x16\x7c\
\x57\xb3\x57\xd0\x8c\x3a\x66\x59\xed\x3e\xfc\xd1\xa8\xac\x1e\x21\
\x2d\x3e\x02\xb1\x26\xf5\x1e\xba\xed\xc5\x34\x7a\x40\xa3\x4e\xb7\
\x45\xad\xc4\x70\xf6\x30\xe5\xc5\x80\xbe\xe2\xf5\x77\x3e\xc1\xcf\
\xbf\xa8\xd7\x29\x4f\x64\xb1\x5f\xad\xc5\x8a\x9b\x6e\x7b\x18\xdf\
\x7e\xaf\xea\x29\x06\x1b\xc0\xaf\xa8\x2d\x2b\x9c\x0e\x2a\xf6\x23\
\x27\xe0\xe5\x92\x67\xef\x4a\x48\x18\x1c\xd2\x02\x8c\x56\x12\xe3\
\x74\x3f\xfd\xf6\x0f\x00\x06\xad\x84\x9c\x3e\x09\xf8\x69\xa3\xb2\
\x6b\x45\x5f\xad\xdc\x8c\x5c\x63\x3c\x4c\x2a\x35\xb1\x39\x91\x06\
\x97\x13\x2f\xec\xfd\x5d\x71\x9c\xb1\x83\x53\x04\xcc\x46\x2c\x49\
\x1f\x0a\xb9\xa5\xed\xb7\xbe\x35\xb4\xb8\xb0\xfb\x40\x23\xf6\x1d\
\x69\x46\xe5\x11\x1b\xf6\xd7\xb4\xa0\xae\xd9\x89\x86\x16\x17\x1a\
\x5b\x5c\x68\xb0\xb9\x10\xa4\x93\x60\xd0\x49\xa8\x6f\xf6\x52\xcb\
\xe3\xbf\xb8\xf1\xe2\x54\xec\x3d\xd8\x8c\x65\xab\x0f\x2b\x8a\x23\
\xcb\x32\xa6\x4e\x9b\x85\xaf\xfe\xfb\x1a\xba\x26\x89\xdd\xde\x70\
\x38\x5d\xc2\xf6\xfb\xf7\x94\x94\xe3\xce\x7b\x9f\xc0\xc1\x43\xca\
\xfe\xbc\x27\xc6\x0e\x49\x32\x3b\xb7\xa6\x7c\xcd\x3a\x15\x07\x21\
\x9d\x44\x40\x27\x00\x36\x43\x50\x2e\xc0\x15\x3d\xb5\xc6\x0c\xec\
\x2a\x6a\x3a\x5e\x71\x76\x4e\x86\xe2\x04\xa0\xda\xd1\x82\x47\x4a\
\x8a\x30\xa7\xfb\x68\x68\x54\x3a\xc3\x7e\x3c\x32\xe7\x78\xa2\x6c\
\xbd\x90\x7e\x04\xe7\xe4\x64\x08\x98\x91\x58\x4c\x17\x02\x9c\x20\
\x01\x28\x3d\xd4\x84\x35\x3b\x6b\xf0\x5b\x89\x15\xdb\x2b\x1a\xb0\
\xb7\xba\x19\x3e\xb0\x1b\xd3\x26\x23\x87\x46\xe3\x91\x29\x3d\xb0\
\xef\x40\x33\x56\x16\x1d\x81\xc3\xa5\x6c\x29\xdc\x5a\xd7\x80\xeb\
\x6e\x7b\x18\x8b\x3f\x98\x03\x63\x64\xb8\xe2\xf9\x71\x0e\xb4\x38\
\x1c\xc2\xf6\xfb\x7f\x29\x58\x8f\x87\x1e\x7d\x1e\xcd\x6a\x1e\x5d\
\xe4\xd8\xc4\x24\xcd\x39\x35\xe5\xbf\x54\xa8\x37\x08\xe9\x4c\x02\
\x3a\x01\xe0\x8c\x8f\x55\xf2\x7a\x53\x58\x10\xfa\x65\x74\x11\x35\
\x1d\xaf\x38\x6d\x48\x0a\x22\x42\xf5\xa8\x6f\x72\x28\x8a\xb3\xae\
\xae\x0a\x73\x2b\x37\xe3\xce\xe4\xfe\x82\x66\x76\x72\xff\xa9\xdc\
\x8c\x15\x16\xe5\xb5\x4d\x99\x89\x46\xf4\x4e\x8d\x12\x30\x23\xb1\
\x98\xa4\x05\xd3\xe8\xc1\xdd\x47\xff\x6d\xdc\x32\xb0\x6e\x4f\x2d\
\xbe\xdb\x78\x08\xab\xb7\x1d\xc1\x41\x8b\x6f\xb6\x63\x3e\x99\x94\
\x84\x60\xbc\xfe\x44\x7f\x68\x35\x0c\xe9\xc9\xa1\xb8\xe6\x82\xae\
\x78\xeb\x93\x72\xc5\x71\x4b\xca\xf6\xe1\xe6\xbb\x1f\xc3\xfb\xaf\
\xcd\x82\xc1\xd0\xf1\x1a\x87\x63\xc5\x7e\x22\xf6\xfb\x01\xe0\xc3\
\x8f\xbe\xc0\x2b\xf3\xde\x85\x5b\x50\xbc\xe3\x61\xe0\x9f\xeb\x9a\
\x9b\xae\xa6\xfd\x7e\xd2\x1e\xbe\x75\xa1\xbb\x87\x85\x98\x92\x67\
\x01\xe8\xf0\x66\xe8\x69\x43\x52\x70\xc6\x70\xff\x3c\x01\x70\x8c\
\x56\x23\xa1\xaa\xb6\x19\x7f\x94\x28\x3f\xd3\xbf\xb9\xf1\x08\x9a\
\x65\x17\x86\x47\xc6\x82\x41\xdd\x95\x80\xf9\x07\xb6\x61\xfe\x81\
\xed\x42\x62\xdd\x7a\x6e\x7f\x0c\xec\xa6\xf8\x68\x9c\x3a\xb8\x8c\
\x92\xca\x1a\xbc\xf6\x7d\x39\x1e\x5e\xb0\x15\x1f\xad\xaa\xc4\xb6\
\x7d\x0d\x68\xb4\xf9\xe6\x65\x4c\x27\x13\x1a\xac\xc1\x27\x73\x86\
\x21\x29\xee\xff\x3b\x51\x0e\xca\x32\xe2\xbf\x5f\x57\xa0\xc5\xae\
\xfc\x01\xb9\xff\x40\x15\xb6\xed\x2c\xc6\x84\x71\xa3\xa0\xd1\xb4\
\xff\xe3\x4d\x96\x65\x34\xda\xed\x70\x0b\xd8\xef\x77\xba\x9c\x98\
\x39\x6b\x2e\xde\xfd\x70\xb1\xaa\x9d\xfd\xc0\xf0\x8c\xa5\xb4\xe8\
\x96\xa6\xa6\x2a\x65\x59\x3c\x09\x38\x01\x9b\x00\x44\x24\x65\x9b\
\x99\x86\xbd\x08\x74\xfc\x49\x35\xf9\xac\x7e\xe8\x95\x62\x16\x38\
\x2b\xef\xc8\x48\x30\x61\xc1\xb2\xed\x10\xf0\x99\x87\xcd\x8d\x35\
\xa8\x72\xb4\x60\x44\x64\x1c\xb4\x2a\xdc\x6f\xef\xe4\x32\x66\x96\
\x6d\x10\x52\xf5\x0f\x1c\x5d\xc5\x79\xe9\xd6\xd1\xd0\x69\x7d\xeb\
\xad\x20\xcb\x1c\x2b\x7f\xaf\xc4\x8c\x05\x1b\xf1\xcc\xe2\xed\xf8\
\xbd\xac\x0e\xcd\x76\xff\x7c\xe8\x1f\xc3\x18\xc3\xbc\x27\xfa\x63\
\xc4\x80\xbf\xbf\x67\x0c\x7a\x09\xa6\x70\x3d\x96\x15\x88\xd9\x1b\
\x2f\xdf\xb7\x1f\xbb\x8b\xcb\x30\x7e\x4c\x5e\xbb\x92\x00\xa7\xdb\
\x8d\x26\x9b\x53\xc8\xc3\xda\x5a\x5f\x8f\xbb\xa6\x3e\x89\x9f\x57\
\x15\x29\x8e\x75\x02\x36\x80\x5d\x6b\x29\x2d\x7c\x19\x54\xec\x47\
\x3a\xc0\xb7\x3e\xf5\x3c\x28\x34\xba\xeb\x19\x00\x3a\x7c\x01\x90\
\x24\x31\xcc\xbc\x21\x57\x71\x15\xbd\x2f\x88\x0c\xd5\xa3\xe4\x60\
\x1d\x76\x55\x88\xb9\x79\x6c\x57\xb3\x05\x2b\x6a\x2b\x31\x20\xbc\
\x0b\xa2\x74\xca\xba\x0d\xfe\x33\xee\xbd\x7b\x0a\x50\x50\x77\x50\
\x58\xcc\x9b\xcf\xee\x87\xbc\xbe\x89\xc2\xe2\x89\xb0\xfc\xb7\x0a\
\xdc\xf1\x9f\x9f\x31\xff\xbb\xad\xd8\x77\xb8\xc1\xdb\xd3\x11\x66\
\xea\x75\x99\xb8\xfa\xbc\xe3\xd7\xcc\xf4\xe9\x1e\x8e\x4d\xdb\xeb\
\x50\x5e\x29\xa6\x3d\x7d\x49\x59\x05\x76\xec\x2a\xc1\xf8\x31\x79\
\xd0\xb6\x21\xb9\x73\x38\x5d\x68\xb6\x8b\x29\xf6\x2b\x2f\xaf\xc4\
\xe4\x29\xd3\xb0\x43\xd5\x26\x45\xec\x10\x93\xd9\x04\x4b\x59\xc1\
\x52\x15\x07\x21\x9d\x5c\xe0\x1e\x03\xe4\xca\x7a\x98\xf7\xec\x6a\
\x46\x54\xb8\xb8\x87\x9b\xb7\xdd\x7d\xd1\x20\xe8\x05\x7e\x0b\x2e\
\xb3\xd5\xe3\x9a\x6d\x3f\xe2\xe9\xf2\x8d\xa8\x72\x28\x2b\x7c\x3a\
\xe2\xb0\xe1\xc5\x7d\xbf\xe3\xea\xad\x3f\x62\x7b\x53\xad\xa0\x19\
\x02\xe6\x70\x03\xae\x19\x9f\x25\x2c\x9e\x52\x9b\x4b\x8f\xe0\xfc\
\xc7\x96\xe0\xc6\xd9\xcb\xb0\x63\xaf\xb8\x3f\xa7\x2f\x98\x30\x2a\
\x16\x77\x5f\xd7\x7a\xa1\x25\x63\x0c\xb3\x1f\xea\x83\xc8\x70\x71\
\x47\x1f\x97\xaf\x2a\xc2\xf5\x53\xa6\xa1\xb1\xa9\xf5\x6d\xf1\xa3\
\x9d\xfd\x9c\xc2\x2a\xfd\xd7\xae\xdb\x84\xab\x6f\x9a\x8a\x7d\x95\
\x07\x84\xc4\x6b\xc5\x1f\x00\x1b\x5e\x5b\x5e\xa0\xde\xd9\x47\x12\
\x10\x02\x76\x05\x20\xd8\x9c\x3c\x13\x0a\xf6\xff\x27\xe6\x64\x60\
\x54\xbf\x24\x81\x33\xf2\x2e\x63\xa8\x01\xd6\x26\x3b\x36\xed\x11\
\x77\x44\x49\x06\xc7\x8e\xa6\x5a\x2c\xae\xda\x83\x4a\x7b\x13\xf4\
\x92\x84\x38\x43\x68\x9b\x4e\x0a\xb8\xb8\x8c\xdf\x1a\xab\xf1\xfa\
\xfe\x2d\x98\x59\xb6\x01\x7f\x34\x1e\x11\xbe\xc6\xf9\xe8\x35\xd9\
\x3e\xd1\xfd\xcf\x25\x73\xbc\xf9\xcd\x16\x4c\x9d\xb7\x0a\xfb\x8f\
\x34\x7a\x7b\x3a\xc2\x75\x4b\x0d\xc3\xfb\xcf\x0f\x86\x41\x7f\xe2\
\x8f\x9b\xb0\x10\x2d\xe2\xba\x04\x61\xe9\x2a\x65\x77\x3a\xfc\x55\
\xc5\xfe\x83\x58\xbe\x6a\x2d\x4e\x1d\x39\x1c\x11\xe1\x61\x7f\xfb\
\x6f\xc7\x8a\xfd\x9c\x6e\x31\x5b\x2b\x9f\x7d\xf5\x3d\xa6\xcd\x78\
\x01\x36\x9b\xaa\xc5\x99\xdf\x31\xc9\x7d\x96\xa5\xa4\x48\xcd\xb3\
\x84\x24\x40\xf8\xcf\xf5\x75\x02\xc5\xc6\xf6\x0b\x75\x84\x86\x59\
\xa1\xe0\x14\xc4\x1b\x53\xc7\xe2\x34\x1f\x3c\x3b\xae\x44\x63\x8b\
\x03\xe3\xef\xff\x1c\x07\x6b\xd4\x2b\x24\x8e\xd0\xea\xd1\x27\x34\
\x0a\x99\x21\x91\x48\x0b\x8e\x40\xb0\xa4\x45\x98\x46\x07\x19\x1c\
\x55\x8e\x66\x1c\xb2\x37\x63\x4f\x8b\x15\x1b\xea\x0e\xa3\x45\x56\
\xef\xac\x7a\xff\x8c\x2e\xf8\xec\xf1\x89\x5e\xbf\xc1\xb1\xe2\x70\
\x23\xee\x9c\xfb\x33\x7e\x2f\xf6\xad\x8b\x95\x44\x31\x46\xe8\xf0\
\xed\xdb\xd9\x48\x4d\x6c\x7b\x6b\xe3\x5b\x1e\xfd\x1d\x4b\x96\x1f\
\x12\x3a\x8f\x98\x2e\x66\xbc\xfa\xc2\x63\x18\x32\xe0\x68\xd7\xef\
\xa3\xc5\x7e\x62\x9a\xfb\xb8\xdc\x6e\xcc\x7e\xf9\x2d\x7c\xb2\xf8\
\x1b\xc5\xb1\x4e\x8c\xcd\xb2\x94\x16\x4c\x03\xe0\x1b\x17\x70\x10\
\xbf\x17\x90\x09\x80\x31\x33\x2f\x9f\xc9\x72\x87\x5b\x71\x49\x12\
\xc3\xc6\x37\xae\x44\x64\x68\xe7\x68\xa7\xfa\x57\xab\xfe\xa8\xc4\
\xb5\xcf\xfe\xe0\xed\x69\xa8\x4a\xaf\xd3\xe0\xcb\x27\xcf\x46\xcf\
\xae\xde\x2d\xe0\xfc\xa3\xa4\x1a\x37\xce\xfe\x11\x47\xea\xbc\x7b\
\xad\xad\x5a\xb4\x1a\x86\x05\x2f\x0c\xc6\xc8\xa1\xed\xbb\x73\xa2\
\xb9\xc5\x85\x89\x93\xd7\x61\x67\x89\xd8\xfa\x07\x9d\x56\x8b\x07\
\xee\xba\x11\x57\x5d\x7e\x2e\x5a\xec\x2e\x21\x37\xf9\x35\x34\x34\
\xe1\xfe\xe9\xb3\xb0\x76\xdd\x26\x01\x33\x6c\x95\x9d\x73\xdc\x68\
\x2d\x2b\xfc\x50\xcd\x41\x48\xe0\x09\xcc\x1a\x00\x2e\xe7\x29\x79\
\x79\xef\xae\x51\x9d\xf2\xe1\x0f\x00\xa3\xfb\x27\xe1\x9a\x71\xbd\
\xbd\x3d\x0d\x55\x4d\xbf\x6a\xb8\xd7\x1f\xfe\x3f\x6c\x28\xc7\x65\
\x33\xbf\xeb\xb4\x0f\x7f\x00\x98\x3e\xa5\x47\xbb\x1f\xfe\x00\x10\
\x12\xac\xc5\x7b\xcf\x0e\x82\x39\x52\x6c\x2b\x64\xa7\xcb\x85\x99\
\xb3\x5f\xc3\x35\x37\x3f\x80\x43\x55\xca\x57\x5c\x2a\xf6\x1f\xc4\
\xa4\x9b\xee\x55\xfb\xe1\x7f\x84\x73\x8c\xa3\x87\x3f\x51\x43\x40\
\x26\x00\x8c\x63\x84\x92\xd7\x0f\xed\xe9\xfd\x7d\x63\x35\x3d\x74\
\xe5\x30\x0c\xc8\xf4\xef\x06\x47\xad\x39\x63\x44\x1a\xae\x18\xdb\
\xcb\xab\x73\xf8\xa6\xa8\x14\x53\x5e\xf9\x19\x36\xbb\xf7\xdb\xf1\
\xaa\xe5\xe2\x09\x09\xb8\xe1\xe2\xd4\x0e\xbf\x3e\x39\x3e\x18\x73\
\x67\xf4\x87\x46\x23\x7e\x91\x72\xed\xfa\xdf\x71\xd1\x55\xb7\xe1\
\xcb\xaf\x7f\xec\xf0\x65\x3c\xbf\x6e\xda\x82\xab\xaf\x9b\x8a\xd2\
\x72\x35\x9b\xee\xb1\xcd\x9c\x63\x88\xb5\xac\xf0\x17\x15\x07\x21\
\x01\x2c\x20\x8b\x00\x83\x4d\xc9\x2f\x03\xe8\xf0\xcd\x2f\xd7\x9e\
\x9e\x85\x1e\xc9\xfe\x7f\xfe\xbf\x35\x1a\x49\xc2\x29\x03\x92\xf1\
\xdd\xfa\x32\x34\x34\x7b\xe6\xaa\x55\x4f\xe8\x97\xd1\x05\xaf\xdf\
\x33\x16\x3a\xad\xf7\xf2\xde\x15\x9b\x2a\x70\xc7\x9c\x15\x70\x89\
\x68\xba\xe0\xa3\xb2\xba\x85\xe3\x9d\x59\x83\xa1\x55\xf8\xf0\x4e\
\x4d\x0c\x81\x31\x5c\x8f\x9f\xd7\x8a\xaf\x8f\x70\x38\x9c\x58\xb5\
\x7a\x1d\x8a\xd6\xff\x86\x1e\xdd\x33\xd0\x25\xba\xed\xef\xe7\x2f\
\xbf\xfe\x11\x0f\x3e\xf2\x1c\x9a\x5b\x54\x5c\xbd\x61\x58\xa2\x0d\
\xd6\x9f\x59\xbb\x7b\x75\xe7\x2c\x0e\x21\x3e\x21\xe0\x12\x00\x53\
\x7a\x5e\x57\x80\x4f\x53\x12\xe3\xc1\xcb\x87\x21\x32\xd4\xf3\x17\
\xdf\x78\x52\x68\xb0\x0e\xa3\xfa\x25\x61\x49\x61\x09\xec\x4e\xff\
\x6e\x40\x03\x00\x69\x71\x91\x58\xf0\xc8\x04\x44\x86\x78\x6f\xeb\
\xe6\xd7\x5d\x55\xb8\x61\xf6\x8f\xc2\xfa\xcb\xfb\xaa\xd4\xc4\x50\
\x5c\x79\x4e\xb2\x90\x58\x03\x7b\x47\x42\xa3\x65\x28\xdc\xa8\xce\
\xb1\xc8\xc3\x87\x6b\xf0\xe5\xd7\xcb\x50\x56\x5e\x81\xee\x99\x69\
\x88\x3c\xc1\x3d\x02\x6e\xb7\x8c\x97\x5f\x7d\x07\x73\xe6\xbd\xa7\
\xe6\x35\xbe\x00\xf0\x9c\xa5\xb4\xf0\xc6\xe6\xea\x72\xff\xec\xf5\
\x4c\xfc\x46\xc0\x25\x00\x41\xe6\xc4\x53\x18\xd8\xa5\x1d\x7d\x7d\
\x74\x44\x30\xee\xbd\x64\x88\xc8\x29\xf9\x2c\x73\x44\x10\x72\xfb\
\x26\xe1\x87\xf5\xe5\xb0\x39\xfc\x77\xb9\x3a\x31\x3a\x0c\x1f\x3c\
\x3c\x01\xf1\x66\xef\x5d\xf7\x7b\xc4\xda\x8c\xcb\x9f\xfe\x1e\x0d\
\x4d\x9d\xff\x33\xbd\xc6\xea\xc0\x2d\x57\xa6\x41\x23\xe8\x84\xc5\
\x88\x01\x66\xb4\xd8\xdc\xf8\x75\x4b\xdb\x6f\x46\x6c\x0f\xce\x39\
\x4a\x4a\xf7\x62\xf1\x17\xdf\x61\x5f\xc5\x01\x24\x24\xc4\x22\x3a\
\xea\xef\x2b\x02\xcd\xcd\x2d\xb8\x7f\xda\x2c\x7c\xfd\xdd\x72\x55\
\xe6\xf0\x27\x3b\x67\xec\x06\x6b\x69\xe1\x6c\x50\x67\x3f\xe2\x01\
\x01\x97\x00\x84\x18\x53\x2e\x07\xeb\xf8\x15\xc0\xd9\x59\xf1\x38\
\xdb\x07\x6f\x8e\x53\x4b\xac\x29\x04\xa3\xfb\x27\xe1\x87\x5f\xf7\
\xa1\xd9\xe6\x7f\xdb\x01\x3d\xbb\x9a\xf1\xdf\x47\xce\x40\x42\x74\
\xd8\xc9\x7f\x58\x25\x6e\x99\x63\xf2\x0b\x3f\x61\xb7\xa0\x4e\x8b\
\xbe\xce\xed\xe6\x18\x39\x24\x0a\xc9\xf1\xc1\x27\xff\xe1\x36\x1a\
\x39\x34\x0a\xd5\xb5\x0e\x6c\xde\x59\x2f\x2c\xe6\x3f\xc9\x9c\x63\
\x4f\x71\x39\x3e\xfb\xf2\x7b\xfc\xb6\x69\x2b\x74\x7a\x2d\xba\x26\
\x27\xa2\xea\xf0\x11\xdc\x7c\xc7\x23\xd8\xf4\xc7\x36\xd5\xc6\x66\
\xc0\x61\x30\xf9\x4c\x6b\x49\xd1\xd7\xaa\x0d\x42\xc8\x3f\xf8\x7f\
\x1f\xdb\x76\xe2\x8c\x0f\x52\xf2\xfa\xfe\x99\x3e\x7a\x69\x8c\x8a\
\x7a\x76\x35\xe3\xcb\x27\xce\xc6\x0d\xb3\x97\x61\xe7\x3e\xff\xe9\
\x50\x97\xdd\x3b\x1e\xaf\xdd\x3d\x16\x11\x5e\x3e\xb1\x31\xf7\x8b\
\xdf\x51\xb4\x5d\x5c\xfb\xe2\xb6\x08\x0e\x32\xc0\x14\x65\x82\xd1\
\x14\x81\xf0\xf0\x30\x04\x05\x07\x21\x24\x34\x18\x7a\xfd\xdf\xff\
\x2e\x1c\x0e\x07\x1c\x0e\x27\x1c\x36\x07\xea\xea\x1a\x50\x5f\x57\
\x8f\x9a\x23\x16\x34\x34\x28\x6b\x48\xb4\x6c\xcd\x61\x64\x0f\x14\
\x57\x27\xc3\x18\xc3\xd3\x53\x7b\x43\xa7\x95\xf0\xce\xe2\xbd\xc2\
\xe2\xb6\x66\xc3\x6f\x9b\xb1\xe1\xb7\xcd\x88\x8c\x08\x87\xc4\x18\
\x2c\x75\xea\x25\x1e\x00\xb6\xc8\xb2\x7c\xb6\xb5\x7c\x6d\xb9\x9a\
\x83\x10\xf2\x4f\x01\xd7\x07\xc0\x94\x9e\x73\x00\x40\x7c\x47\x5f\
\xff\xce\xfd\xe3\x90\x3f\x40\xcc\xfe\xa6\xbf\x69\xb6\xbb\xf0\xd0\
\x5b\x6b\xf0\x75\xa1\x9a\x3d\xce\x95\x93\x24\x86\xc9\x13\xfb\xe2\
\xee\x8b\x86\x40\xeb\xe5\x46\x3f\xa5\x07\xac\x38\xe3\xc1\x2f\x55\
\xdf\xf7\x0f\x0b\x0f\x45\x42\x52\x1c\x12\x12\x62\x91\x90\x10\x87\
\xe0\xd0\x8e\x7f\xfb\x3e\x78\xa0\x0a\xdf\x2d\xf9\x49\xd1\x7c\x52\
\x12\x82\x51\xb0\x68\x14\x58\x1b\xba\x3e\xb6\xd7\x0b\xef\x14\xe3\
\xc5\xf9\xc5\xc2\xe3\x7a\xc9\x37\x1a\x1d\xbb\xfc\xc8\xae\x82\xce\
\x73\xe9\x03\xf1\x1b\x01\xb5\x02\x10\x93\x36\x3c\xd6\xa9\xe0\xe1\
\x0f\xa0\x53\xdc\xfe\xd7\x51\x21\x06\x2d\x5e\x99\x92\x8f\x91\xfd\
\x12\xf1\xf8\x7b\x45\x68\xf2\xc1\x2d\x81\x68\x63\x08\x5e\xb8\x79\
\x14\x46\xf6\xf3\x8d\x0b\x7e\x1e\x7d\xb7\x48\xb5\x87\x7f\x68\x68\
\x08\xd2\x32\x53\x90\x91\x91\x82\xe8\x98\x28\x61\x71\x63\x62\xa2\
\xa1\x91\x34\x70\xcb\x1d\x9f\xf7\xde\x03\x2d\x28\xdc\x64\x41\xee\
\x20\xf1\xef\x97\xa9\xd7\x65\xc2\x14\xa1\xc3\x63\xaf\xec\x9c\x67\
\x32\x2a\x00\x00\x20\x00\x49\x44\x41\x54\x14\xd2\xc9\xcf\x6b\x18\
\x9b\x6d\x29\x29\x78\x00\xd4\xd9\x8f\x78\x49\x40\x25\x00\x76\x49\
\x93\x25\x29\xf8\xbc\x88\x0a\x0f\x42\xac\xc9\x7b\x85\x64\xbe\xe2\
\xc2\x51\xdd\x30\xba\x6f\x12\x66\x7d\xbc\x1e\x5f\xac\xf6\x8d\x6f\
\x62\x92\xc4\x70\x4e\x6e\x06\x1e\xb9\x6a\x38\x4c\x61\xbe\x71\x49\
\xd3\x37\x45\xa5\x28\xdc\x26\xfe\x52\x98\xb8\xf8\x18\x64\xf5\xeb\
\x89\x94\x94\x24\x30\x15\x56\x38\x34\x5a\x0d\xcc\x5d\x4c\xa8\xae\
\x3a\xa2\x28\xce\x47\x4b\x2a\x54\x49\x00\x00\xe0\xba\x0b\x53\x10\
\x6d\x32\xe0\x9e\xa7\xb7\xa0\xc5\xe6\x77\xa7\x2a\x1c\x1c\xb8\xd9\
\x5a\x52\xf0\xae\xb7\x27\x42\x02\x5b\x40\x15\x01\x86\x18\xbb\x9e\
\x09\x86\x33\x3a\xfa\xfa\xc1\x3d\x62\x70\xde\xc8\x6e\x22\xa7\xe4\
\xb7\x42\x83\x75\x18\x3f\x34\x15\x43\x7b\xc6\xa1\xf4\x60\x1d\x0e\
\xd5\x8a\xb9\xc6\xb5\x23\x46\xf5\x4f\xc2\xbc\xbb\xc6\xe0\x8a\xb1\
\xbd\x10\xac\xf7\x8d\x9c\x56\x96\x39\x6e\x9b\xb3\x02\x96\x06\x9b\
\xb0\x98\x46\x53\x24\xc6\x4d\x38\x05\x03\x06\xf7\x81\xd1\x14\xa9\
\xca\xf2\xfa\x31\x0d\x0d\x8d\xa8\x3a\xa8\xec\x08\x7a\xf1\xde\x26\
\x5c\x30\x3e\x51\xe8\x0d\x7f\x7f\xd5\x23\x3d\x14\xa7\x0e\x09\xc7\
\xaa\xf5\xb5\xa8\x6f\xf2\x9b\x24\xa0\x1a\x9c\x9d\x65\x2d\x2b\xfc\
\xca\xdb\x13\x21\x24\xa0\x12\x80\x60\x73\xf2\x24\x00\x43\x3b\xfa\
\xfa\xd3\x87\xa5\xfa\xdc\xdd\xf1\xde\x96\x1c\x13\x8e\x4b\x4e\xe9\
\x81\x7e\xe9\x5d\x50\x53\xdf\x82\xca\x6a\xcf\xdc\x66\x27\x49\x0c\
\xe3\x87\xa6\xe2\x85\x5b\xf3\x31\xf9\xac\xbe\x88\x8e\x14\x57\x71\
\x2e\xc2\x0f\xbf\xee\xc3\x82\x1f\xb7\x0b\x8b\xd7\xad\x7b\x3a\xc6\
\x4d\xc8\x47\x58\x84\x67\x56\xa0\xf4\x3a\x1d\x76\xed\x50\xb6\xba\
\x23\x73\xc0\x66\x97\x71\x5a\x9e\x1a\x85\xb3\x1c\xbc\xa5\x01\x31\
\x61\x6e\x5c\x30\xc6\x8c\x2d\xc5\x2d\xd8\x77\xc8\xe7\x8f\x58\x6e\
\x95\xdd\xda\x31\xd6\xf2\x35\x7f\x78\x7b\x22\x84\x00\x81\x97\x00\
\xdc\x07\x20\xb5\xa3\xaf\xbf\x7c\x4c\xaf\x80\xae\x01\x38\x91\xb4\
\xf8\x48\x9c\x3f\xb2\x1b\xce\x18\x9e\x86\x60\x83\x16\x07\x6b\x9a\
\xd0\xd8\x22\xbe\x46\xa0\x5b\x92\x11\xd7\x4f\xe8\x83\x59\x37\x8d\
\xc4\x65\xa7\xf6\x44\xac\xa9\xed\xb7\xcc\x79\xd2\xbd\xaf\xff\x82\
\x2a\x8b\x98\x55\x91\xfe\x03\xb3\x90\x9d\x37\x04\x92\xc6\x73\x1d\
\x0c\x43\x42\x82\xb1\x7b\x57\x09\x9c\x0e\x65\xff\x86\x3b\x4b\x1a\
\x71\xd6\xa9\x71\x30\x1b\x05\x9e\xc4\x90\x65\xf0\xe6\x7a\xc0\xe5\
\x00\x00\x04\x1b\x24\x9c\x97\x1f\x05\x97\x9b\x63\xe3\xce\x46\x70\
\xdf\x2c\x0b\xf8\x96\x49\xee\x33\xad\x65\x85\xe2\xee\x3a\x26\x44\
\xa1\x80\x3a\x05\x60\x4a\xcf\x39\x0c\xa0\xc3\x4d\xee\xbf\x7c\xf2\
\x6c\xf4\xcb\xe8\x9c\x3d\xf2\x45\x93\x65\x8e\xcd\xa5\x47\xb0\x66\
\xeb\x7e\x14\x6c\x39\x80\x2d\xa5\xd5\x68\xee\x40\xef\x7b\x63\x98\
\x01\xc3\x7a\xc6\x61\x78\xef\x78\xe4\x66\x25\xa0\x7b\xb2\x49\x85\
\xd9\x8a\xb5\xa5\xac\x06\xe7\x4c\xfb\x52\x48\xac\xac\x7e\x3d\x31\
\x22\x67\xb0\x90\x58\xed\xb5\xb6\x60\x23\xb6\x6d\xd9\xa9\x38\x4e\
\xfe\xf0\x2e\x58\xf8\xa2\xa0\x3f\x83\xec\x02\x6f\xaa\x03\xf8\xf1\
\xeb\xe6\x36\x6c\x6f\xc4\x3d\x2f\x94\xa3\xec\x80\xef\xac\x06\x70\
\xe0\x45\x6b\x69\xe2\xfd\xc0\xa7\x7e\xb3\x4f\x41\x02\x43\xc0\x24\
\x00\xe1\xdd\xf3\xa3\xb5\x2e\x47\x87\x37\x35\x19\x63\xf8\xe3\xed\
\x2b\x11\x16\xdc\x39\x6f\x01\x54\x9b\x2c\x73\xec\xad\x6a\xc0\xee\
\xca\x5a\x1c\xac\x6d\x3a\xba\x42\xd0\xec\x44\xa3\xcd\x09\xb7\x2c\
\x23\x44\xaf\x45\x48\xb0\x16\xa1\x41\x3a\x24\x46\x85\x23\x25\x2e\
\x02\xe9\xf1\x91\x88\x33\x87\xa8\xba\xd7\xad\x86\xa7\x16\xac\xc3\
\xfc\xef\xb6\x2a\x8e\x93\x92\x9a\x84\x31\xe3\xd5\x39\x4a\xd7\x16\
\x96\x5a\x2b\x3e\x5f\xf4\xad\x90\x58\x73\x1f\xeb\x87\xf3\xc6\x25\
\x28\x0b\xe2\xb2\x83\xb7\x34\xe0\x64\x5f\xf1\x9b\x6d\x6e\xcc\x7c\
\x7b\x3f\x3e\xfc\xae\xda\xdb\xab\x01\x0e\xc6\xd9\xad\xb5\x65\x05\
\xf3\xbd\x3a\x0b\x42\x5a\xe1\x1b\x15\x53\x1e\xa0\x73\x38\x33\xb9\
\x82\x15\xd4\x18\x63\x08\x3d\xfc\x15\x90\x24\x86\xb4\xf8\x08\xa4\
\xc5\x47\x78\x7b\x2a\xaa\x92\x65\x8e\xaf\x8b\x4a\x15\xc7\x09\x0d\
\x0d\x41\xde\x29\x23\xbc\x9a\xfc\x98\xcc\x46\xc4\xc4\x46\xe3\xb0\
\xc2\xd3\x00\x00\x30\xed\xc5\x1d\xc8\x1e\x64\x46\x5c\x74\x07\x4f\
\x68\xd8\x9b\xc1\xed\x4d\x6d\xfa\xd1\x90\x20\x0d\x9e\x9e\xd2\x15\
\x67\xe4\x19\xf1\xc8\x6b\x95\x28\xde\xe7\x95\x2b\x97\x8f\x70\x8e\
\x0b\x2c\x65\x05\x74\x93\x1f\xf1\x59\x01\x73\x1d\x30\x97\xa0\xa8\
\x7f\x6f\x46\x42\xa4\xa8\xa9\x90\x4e\x6c\xe3\xee\x2a\x1c\x16\xb0\
\xf7\x3f\x22\x6f\x08\x82\x0c\xde\xbf\x70\xaa\x67\x96\x98\x53\x2f\
\x75\x0d\x4e\xdc\x32\xfd\x0f\x38\x5c\xed\x3d\xf2\xce\x81\x96\x86\
\x36\x3f\xfc\xff\x2a\x6f\x40\x04\x7e\x9c\xd7\x0b\x8f\x4d\x4e\x42\
\x44\x98\x27\xcb\x9d\xf8\x76\x59\x2b\x0d\xa7\x6b\x7c\x89\xaf\x0b\
\x9c\x04\x00\xca\x12\x80\x74\x4a\x00\x48\x1b\xac\xdb\x79\x48\x71\
\x8c\x84\x84\x58\xa4\xa6\xf9\x46\xb7\xc9\xf4\xcc\x14\x84\x85\x8b\
\x39\x79\xb0\x7e\xb3\x05\x8f\xbe\xb4\xa3\xed\x2f\xe0\x1c\xbc\xa9\
\x0e\xdc\xd9\xf1\xa3\x94\x3a\x0d\xc3\x8d\xe7\xc6\x62\xf5\xdb\x7d\
\x70\x6e\xbe\x27\x0a\x78\xf9\x52\x26\xc9\xd9\x75\xbb\xd7\x28\x5f\
\x06\x22\x44\x65\x01\x93\x00\x48\x5c\x4e\x57\xf2\xfa\xd4\xb8\xce\
\xbd\x74\x4d\xc4\xf8\x75\xa7\xf2\x22\xef\xfe\x83\xb2\x04\xcc\x44\
\x0c\x8d\xa4\x41\xff\x81\xe2\xe6\xf3\xe1\x97\x15\x98\xf3\x7e\x1b\
\x9e\x8d\x6e\x17\x78\x53\x2d\xe0\x16\x73\x92\xa4\xae\xd1\x8d\xcd\
\x7b\xda\xbf\x8a\xd0\x1e\x0c\xec\x65\x4b\x69\xd2\xc4\xda\xe2\x75\
\xaa\x5e\x1c\x40\x88\x28\x01\x93\x00\x70\xc6\x14\xad\x00\x24\xc7\
\xb4\x7e\x4f\x38\x21\xc0\xd1\x5b\xff\x36\x15\x1f\x56\x14\xc3\x68\
\x8a\x44\x42\x62\x9c\xa0\x19\x89\xd1\xad\x47\x06\x42\xc3\xc4\x1d\
\xb7\x7c\xf6\xcd\xdd\x78\x77\xf1\xbe\xd6\x7f\xc0\xe5\x00\x9a\xad\
\x80\x2c\xa6\x43\xee\x9a\xdf\xeb\x31\xf1\xae\x1d\x28\xdd\xaf\xda\
\xc9\x00\x27\xe3\xb8\xa9\xb6\xb4\xe0\x6e\xaa\xf4\x27\xfe\x24\x60\
\x12\x00\x28\xdc\x02\x48\x8a\xa6\x04\x80\x9c\xd8\xce\x8a\x5a\x34\
\x34\x3b\x14\xc5\x48\xcf\x4c\x01\x7c\xec\xd4\x83\x46\x23\x61\xc8\
\xb0\x01\x42\x63\x3e\xf2\xd2\xf6\xe3\xaf\x04\xd8\x9b\xc1\x9b\xeb\
\xc0\x05\x95\xef\x7f\xf8\xed\x11\x5c\x39\xad\x18\x75\x8d\x2a\x3d\
\x97\x39\x6a\xb8\x24\x8d\xab\x2d\x2b\x7c\x4b\x9d\x01\x08\x51\x4f\
\x40\x24\x00\xa9\xa9\xf9\x41\x00\x14\x7d\xad\x4a\x8e\xf1\xde\x7d\
\xf2\xc4\x3f\xac\xdf\xa1\x7c\xff\xbf\x6b\x4a\x92\x80\x99\x88\x97\
\xd9\x2d\x15\xb1\x71\x62\x7b\x60\x3c\xfb\xe6\x6e\x3c\xf0\xdc\xf6\
\x3f\x0b\x03\x3b\x5e\xec\x77\x3c\x2e\x99\xe3\xd1\xd7\x2a\xf0\xd0\
\xdc\xbd\x70\xa9\x76\x61\x10\xdf\x2e\x6b\x30\xdc\x5a\xbc\x66\xa5\
\x4a\x03\x10\xa2\xaa\x80\x48\x00\x2c\x7a\x57\x02\x14\xf4\x3c\x30\
\x85\x05\xd1\x11\x40\x72\x52\x4a\x13\x00\xad\x56\x0b\xb3\xd9\x28\
\x68\x36\x82\x31\x86\xec\xbc\x21\xc2\x2f\x1f\x5a\xf0\xd5\x3e\x5c\
\x74\xdb\x7a\xec\x2f\xaf\x56\x54\xec\xf7\x57\xf5\x8d\x6e\x5c\xfd\
\x68\x31\xde\x59\xa2\x6c\x3b\xe6\x24\xbe\x63\x92\x9c\x5d\x57\xec\
\xe3\x77\x63\x13\x72\x02\x01\x91\x00\x30\xa7\xac\xe8\x6b\x15\x7d\
\xfb\x27\x27\xc3\x39\xc7\x86\x9d\x07\x15\xc5\xe8\x12\x13\xa5\xca\
\xed\x7e\xa2\x44\x45\x9b\x85\x16\x04\x1e\xf3\xeb\x56\x2b\xc6\x4e\
\xfe\x03\x8b\x97\xd7\x28\x8e\x55\x76\xc0\x8e\x89\xf7\xec\xc4\x2f\
\x1b\x55\xac\xc3\x63\x6c\xb6\xa5\x34\xf1\x6c\x2a\xf6\x23\xfe\x2e\
\x30\x12\x00\xc6\x15\xdd\xe0\x93\x10\x45\x57\x00\x93\x13\xdb\x53\
\x69\x45\x6d\x83\xb2\x22\xb3\xd8\x78\xdf\x6f\x33\x3d\x70\x70\x5f\
\x44\x77\x11\x7f\x9c\xae\xbe\xd1\x8d\xbb\x66\x97\xe3\xd2\x87\xf6\
\x60\xd7\xde\x8e\x35\xee\x29\xdc\xdc\x80\xb3\xef\xda\x89\x92\x0a\
\x71\x37\x30\xfe\x83\x9d\x33\x36\xc9\x52\x52\x70\x1f\x15\xfb\x91\
\xce\x20\x20\x12\x00\x30\x49\xd1\x0a\x40\x8c\xd9\x37\x2f\x9c\x21\
\xbe\xa3\x60\xdb\x01\xc5\x31\xe2\xe2\xd4\xb8\x35\x4f\x2c\x49\x92\
\x30\xfa\xd4\x1c\x68\x75\xea\x34\xd6\x59\xf3\x7b\x3d\xc6\xdf\xba\
\x03\x53\x5f\x2a\x47\xe9\x81\xb6\x3f\xc8\x3f\x5a\x7a\x04\x57\x3c\
\xbc\x07\x96\x86\xf6\xdf\x37\xd1\x16\x1c\xa8\x62\x8c\x9f\x6a\x2d\
\x29\x78\x5f\x95\x01\x08\xf1\x82\x80\x48\x00\x18\x57\xb6\x02\x10\
\x13\x49\x2b\x00\xe4\xc4\x7e\xfa\x75\xaf\xa2\xd7\x33\x89\x21\x26\
\x36\x5a\xd0\x6c\xd4\x65\x34\x45\x62\xf4\x29\x39\xaa\x9d\x56\x70\
\xc9\x1c\x9f\x2c\xab\xc1\x29\x37\x6d\xc3\x4d\x33\x4b\xb0\xe2\xd7\
\x7a\xc8\xad\x14\xf2\xb9\xdd\xc0\xe3\x6f\x54\xe2\xfe\x39\x7b\xe1\
\x74\xab\x54\xec\xc7\xb1\x89\x41\x1a\x56\x5b\x52\x54\xa8\xce\x00\
\x84\x78\x47\x40\xdc\x05\x20\x03\x49\x4a\x3e\xaa\x68\x05\x80\x9c\
\x88\xb5\xd1\x8e\x0d\x0a\x3b\x00\x46\x99\x4d\xd0\xe9\x75\x82\x66\
\xa4\xbe\xd4\xf4\xae\x18\x38\xa8\x0f\x36\x6d\xdc\xa2\xda\x18\x6e\
\x37\xf0\x5d\x81\x15\xdf\x15\x58\x11\x17\xa5\xc7\xb8\x11\x91\x18\
\x9f\x6d\xc4\xd0\xac\x50\x84\x04\x69\xd0\xd0\xe4\xc6\xad\xb3\x4a\
\xb1\xe2\x57\xf5\xb6\xe2\x39\xf0\x99\xa1\xb9\xf1\x9a\xaa\xaa\xcd\
\xea\x76\x11\x22\xc4\x0b\x02\x22\x01\x60\x40\xac\x92\xd7\xc7\x1a\
\x29\x01\x20\xad\x5b\xf9\x7b\xc5\xff\xb1\x77\xde\x71\x52\x56\x57\
\x1f\xff\xdd\x99\xd9\x5e\x67\x7b\x67\x0b\x65\x69\xd2\x11\x16\x90\
\xaa\xa0\x26\x8a\x1a\x4b\x2c\xd1\xa8\xb1\x27\x96\x44\x4d\xac\x89\
\x9a\xd8\x62\x8b\x25\x56\x34\xa8\x51\x6c\x28\x76\x40\x58\x60\x0b\
\x6d\x17\xd8\xc2\xc2\x96\xd9\xde\x67\x77\x66\x76\xa7\x97\xe7\xbe\
\x7f\x20\x79\x11\x29\xcb\xdc\xfb\x4c\xbd\xdf\x3f\xfd\xec\x73\xee\
\xe1\x71\xf7\xb9\xe7\x9e\x7b\xce\xef\x30\xb7\x9a\xa5\x66\xf8\x7e\
\xfa\xff\x68\xa6\xcf\x9c\x0c\x83\x61\x08\x9a\x46\xb6\xec\xc7\x48\
\xe8\x19\xb0\x63\xf5\xd7\xfd\x58\xfd\x75\x3f\x54\x0a\x82\x09\xf9\
\x11\x30\x9a\xa5\x53\xba\x26\x38\x45\x28\x01\x7d\x54\xa7\x29\xff\
\x2b\x00\xef\xce\x14\x14\x08\x64\x22\x68\x02\x00\x96\xbf\xe0\x54\
\xb5\x08\x00\x04\xc7\x67\x3d\x63\xfa\x1f\x00\xb2\xb3\x19\x47\xe5\
\x7a\x03\x42\xb0\x70\x49\x11\x9c\x4e\x27\xda\x5a\x3a\x3d\xb6\xac\
\x53\xa2\xa8\x6a\x64\x1f\xb8\x74\x02\xac\xa0\xf8\xdd\x60\x73\xf9\
\x7b\x72\x2e\x22\x10\x78\x9b\xa0\xa8\x01\xa0\x40\x22\xcb\xf3\x49\
\x22\x03\x20\x38\x0e\x16\xab\x03\x5b\xf7\x75\x30\xd9\x50\x85\x28\
\x91\x96\xc1\x94\xa4\xf2\x1a\x0a\x85\x02\x4b\xce\x5c\x80\x8c\xac\
\x74\x6f\xbb\xc2\x8b\x0e\x49\x21\xcd\xd3\x35\x97\x89\xcd\x5f\x10\
\xf0\x04\x7e\x00\x30\x63\x46\x08\x00\xb5\xbb\x8f\x2b\x15\x04\xf1\
\x51\x42\x04\x48\x70\x6c\xbe\xd9\xd9\x0a\xb3\x8d\xad\xf2\x3c\x23\
\x33\x1d\x4a\xa5\xff\xfe\x29\x2a\x95\x4a\x9c\x75\xf6\x22\x8c\xca\
\xf5\x8d\x09\x86\x6e\x43\xb0\x5d\xe9\x52\xce\x36\x34\x6e\xaf\xf4\
\xb6\x2b\x02\x81\x27\xf0\xdf\xaf\xce\x08\x49\xd2\x46\x26\x81\x41\
\x05\x30\x3e\x2a\x0c\x0a\x1f\x16\x67\x11\x78\x97\x4f\xb7\x1c\x64\
\xb6\x91\x9d\xe3\x87\xe9\xff\xa3\x50\x2a\x15\x58\xb2\x7c\x01\xc6\
\x8c\x65\x1a\xba\xe9\x4d\x3e\x8c\xb2\xd1\x25\xda\xd6\x6d\x6c\x6a\
\x4e\x02\x81\x1f\x11\xf0\x35\x00\x2e\x85\x3d\x19\x70\xbf\x67\x39\
\x2e\x26\x8c\xa3\x37\x82\x40\xa2\xbd\xcf\x88\x1d\xac\xe3\x7f\x09\
\x41\x76\x0e\x53\x97\xaa\xcf\xa0\x20\x04\x0b\x16\xcf\x41\x44\x64\
\x38\xaa\xf6\xee\xf7\xb6\x3b\x23\x45\x02\xc1\x5f\x74\x4d\x65\x4f\
\xe9\xbc\xed\x89\x40\xe0\x61\x02\x3e\x03\x20\x11\x05\x93\xbc\x9a\
\x3a\x3a\x9c\x97\x2b\x82\x00\xe3\xd3\xad\xf5\xcc\x53\xeb\x52\x53\
\x93\xb8\x8e\xda\xf5\x36\x84\x10\xcc\x9a\x33\x0d\x0b\x97\x14\x41\
\xa9\x94\x47\x2c\x88\x23\x43\x00\x3d\x5f\xd7\x54\xf6\x94\xb7\x1d\
\x11\x08\xbc\x41\xc0\x07\x00\x4a\x10\xa6\xe9\x2a\x09\x31\x22\x00\
\x10\xfc\x1c\xa7\x44\xf1\xc9\xd6\x7a\x66\x3b\xf9\xa3\x73\xd9\x9d\
\xf1\x41\x46\x8f\xcd\xc3\x79\x17\xae\x40\xbc\x3a\xce\xdb\xae\x1c\
\x1b\x0a\x0d\x51\x90\x22\x9d\xa6\xfc\x2b\x6f\xbb\x22\x10\x78\x8b\
\x80\x0f\x00\x00\xca\xf4\x05\x8a\x17\x57\x00\x82\x63\xf0\xdd\xce\
\x66\x74\x69\xd9\xb4\x61\x88\x82\x20\x2f\xdf\xcf\x0b\xe7\x4e\x40\
\x42\x62\x3c\x56\x5e\x74\x36\xc6\x16\xfa\x58\x5d\x00\xa5\xc5\xce\
\x30\xe7\xec\xc1\xc6\xd2\x5a\x6f\xbb\x22\x10\x78\x93\x20\x08\x00\
\x14\x4c\x01\x40\x4c\xa4\xe8\x00\x10\xfc\x9c\x55\xdf\xd4\x30\xdb\
\x48\xcf\x48\x45\x44\x64\x04\x07\x6f\x7c\x17\xa5\x52\x81\xc9\xd3\
\xc6\x61\xe1\x99\x73\xa0\x56\xc7\x7a\xdb\x1d\x80\xe0\x0d\x5d\xe4\
\xd0\xf2\xe1\x03\x3b\xd9\x47\x0f\x0a\x04\x7e\x4e\xc0\x17\x01\x4a\
\x40\x0c\x4b\x0d\x7f\x74\xb8\xff\xc8\xb3\x0a\x3c\xc3\xee\x83\xbd\
\xd8\xdb\xd8\xcf\x6c\xa7\x60\x4c\x1e\x07\x6f\x7c\x1b\xbb\xd3\x01\
\x97\xcb\x05\xb5\x3a\x16\x0b\x96\x9d\x0e\x4d\x43\x1b\x1a\xea\x9a\
\x61\xb3\xd9\x3d\xed\x8a\x13\x94\xde\xa1\xd3\x94\xbf\xec\xe9\x85\
\x05\x02\x5f\x25\xe0\x03\x00\x10\x1a\xcb\x22\xe4\x19\x15\x40\x01\
\x80\xc5\xea\x40\x5b\xff\x30\x86\xcd\x0e\x98\xad\x0e\x18\x2d\x0e\
\x00\x40\x74\x44\x08\x22\xc3\x43\x10\x13\x19\x82\x9c\xe4\x18\x44\
\x04\xd0\xbf\x59\x0e\xde\xe2\x70\xfa\x0f\x0d\x0d\x45\x7e\x41\x0e\
\x07\x6f\x7c\x1b\x8b\xe5\xff\xaf\x49\x14\x84\x60\xf4\xd8\x51\xc8\
\xcd\xcf\x44\x63\x7d\x2b\x9a\xea\x5b\xe1\xb0\xcb\x33\xbd\xef\x28\
\x06\x25\xd0\x4b\x0c\xcd\xe5\x3f\x78\x62\x31\x81\xc0\x5f\x08\xfc\
\x00\x00\x60\xba\x02\x88\x8e\xf4\xcf\xcd\xd0\x62\x75\x60\x77\x7d\
\x1f\xca\x6b\xbb\x50\xdd\x3c\x00\x4d\xb7\x1e\xdd\x03\x23\xbb\xb3\
\xce\x48\x8a\x42\x5e\x5a\x3c\x26\xe7\x27\x61\xee\x84\x74\xcc\x1a\
\x97\x8a\xf0\xb0\x60\xf8\x55\x39\x39\x8d\x9d\x7a\x6c\xa8\x60\x97\
\xfe\x1d\x3d\x36\x0f\x2a\x55\x60\xbf\x53\xbb\xc3\x0e\xa7\xf3\xe7\
\x1b\xbc\x4a\xa5\x42\xe1\x84\x02\x8c\x1e\x9b\x8b\xb6\xe6\x2e\x68\
\x1a\xda\x60\x34\xca\x36\x6b\xc7\xe8\x82\x6b\xce\x90\x66\x47\x83\
\x5c\x0b\x08\x04\xfe\x4a\x60\x7f\x81\x00\x10\xd0\x58\x06\x1d\x20\
\xbf\xba\x02\x30\x59\x1d\xf8\x76\x67\x0b\x3e\xdf\xd6\x88\xdd\x07\
\x7b\x61\x77\xba\xdc\xb2\xd3\xa5\x35\xa1\x4b\x6b\x42\x69\x4d\x27\
\x5e\x5d\xb7\x0f\xa1\x2a\x25\x66\x15\xa6\xe2\xfc\xf9\xa3\x71\xf6\
\xec\xdc\x80\xca\x8a\x9c\x2a\xcf\x7e\xb4\xfb\xb8\xa3\x69\x4f\x85\
\x71\xe3\x47\x73\xf0\xc6\xb7\xb1\x58\x4e\xac\xd7\xaf\x52\x29\x91\
\x3f\x26\x1b\x79\xa3\xb3\xa0\xed\x1b\x44\x47\x5b\x0f\x3a\x3b\x7a\
\xe1\x74\xf0\xcb\x0a\x50\xa0\x5c\x6c\xfe\x02\xc1\xb1\x09\xf8\x00\
\x00\x94\x44\xb1\x3c\xee\x0f\x9b\xdd\xc1\xf6\x41\xbc\xfe\x55\x35\
\xbe\xdd\xd9\x02\x2b\xa3\x2c\xed\xb1\xb0\x3b\x5d\x28\xad\xe9\x42\
\x69\x4d\x17\x1e\x7a\xbb\x0c\xe7\xcc\xce\xc3\x0d\xbf\x98\x8c\xb1\
\xd9\x6e\x2b\x2c\xfb\x25\x55\x1a\x2d\xbe\xdf\xdd\xc6\x6c\x27\x39\
\x25\x09\x09\x89\x4c\xdd\xa9\x3e\x8f\xc3\x6e\x87\xd3\xe9\x18\xd1\
\xcf\x12\x42\x90\x9c\x9a\x88\xe4\xd4\x44\x4c\x99\x5e\x88\xbe\xbe\
\x41\xf4\x75\x0f\xa0\xaf\x47\x0b\xa3\x91\x75\xe8\x0f\x29\x61\x34\
\x20\x10\x04\x2c\x01\x1f\x00\x10\x20\x82\xe5\xbc\xe6\xcb\xa9\xef\
\xaa\xa6\x7e\xbc\xf4\xf9\x5e\xfc\x50\xd9\xce\x2c\x48\x33\x52\xac\
\x36\x27\x3e\xdb\xd6\x80\xb5\x25\x8d\x58\x36\x3d\x07\xb7\x5e\x30\
\x15\xa7\xe5\x27\x79\x64\x6d\x6f\xf3\xcc\x47\xbb\xb9\xbc\xe7\x89\
\x93\xc7\x72\xf0\xc6\xb7\x31\x5b\xdc\x4b\xe9\x2b\x94\x4a\xa4\xa5\
\x27\x23\x2d\x3d\x19\x43\x86\x61\x6c\xfa\xbe\x9c\xcd\x11\x82\x6d\
\x6c\x06\x04\x82\xc0\xc5\x77\x77\x37\x4e\x50\x80\x49\xc9\x27\xc4\
\x07\x87\xb4\x18\x4c\x76\xbc\xf0\x49\x25\x56\x6f\xd8\xcf\x25\x1d\
\xed\x0e\x94\x52\x6c\xa8\x68\xc5\xc6\xca\x36\xac\x9c\x5f\x80\xfb\
\xae\x3c\x1d\x89\x01\x2c\x9a\xb4\xbd\xae\x07\xdb\xaa\xd8\x47\xde\
\x46\x47\x47\x21\xaf\x60\x14\x07\x8f\x7c\x17\x9b\xcd\x0a\xa7\x8b\
\x3d\x13\xd5\xd9\xc6\x28\xb3\x0c\x38\x22\x2d\xd6\x1d\x7a\x66\x4f\
\x04\x82\xc0\x24\xe0\x03\x00\x50\x44\x30\x94\x00\x20\x44\xe5\x5b\
\x72\xa6\x9f\x6c\x6d\xc0\x3f\xde\xdb\x01\xbd\xd1\xe6\x6d\x57\x00\
\x1c\x0a\x04\xd6\x6e\x6b\x44\xf1\x9e\x0e\xdc\x77\xe5\xe9\xb8\xe8\
\x8c\xc0\xbb\xdb\x96\x24\x8a\x27\xfe\xbb\x93\x8b\xad\x89\xa7\x15\
\x42\xa1\xf0\xbd\xa0\x92\x17\x94\x52\xb7\x4f\xff\x47\xd3\xd9\xce\
\x1a\x00\xd0\xca\xae\xae\x0a\xd6\x3b\x04\x81\x20\x60\x09\xfc\x00\
\x40\x81\x70\x96\x36\x40\x5f\x19\xd3\x6a\xb6\x39\x71\xff\x9b\x25\
\xf8\xa2\xb4\xc9\xdb\xae\x1c\x13\x9d\xd1\x8a\xbb\x5f\xdd\x82\xd2\
\x9a\x4e\x3c\x76\xdd\x3c\x44\xfa\xf0\xd5\xc9\xa9\xf2\xfe\xc6\x3a\
\x54\x35\xb1\xf7\xfd\x87\x86\x85\x60\xdc\xf8\x02\x0e\x1e\xf9\x2e\
\x66\x8b\x09\x92\x24\x31\xdb\x19\x1c\xd0\x33\x77\x06\x10\xe0\x7b\
\x66\x47\x04\x82\x00\xc6\x37\x76\x37\x39\xa1\x94\xf1\x0a\xc0\xfb\
\xa3\x80\x9b\x3a\xf5\x38\xef\xfe\xcf\x7d\x76\xf3\x3f\x92\xcf\x4b\
\x1a\x71\xde\xfd\x5f\x40\xd3\x15\x18\x89\x57\xed\x90\x05\xcf\x7c\
\x5c\xc1\xc5\xd6\xf8\x09\x63\x11\x12\xe2\xfb\x45\xa5\xee\x22\x49\
\x2e\x58\x6d\x16\x2e\xb6\x9a\x9b\x3a\x98\x6d\x50\x2a\x7d\xca\xc1\
\x15\x81\x20\x60\x09\xf8\x00\x80\x82\x30\x8d\x5a\x0b\x55\x79\xf7\
\x15\x55\x35\xf5\xe3\xd2\x47\xbe\x82\xa6\xcb\xe0\x55\x3f\x4e\x05\
\x4d\x97\x1e\x17\x3d\xfc\x25\x2a\x1b\x98\xef\x70\xbd\xce\x93\xff\
\xdd\x89\x21\x13\xbb\x6a\x9d\x4a\xa5\xc2\xc4\x29\xe3\x39\x78\xe4\
\xa3\x50\x0a\xa3\xc9\x08\x96\x6c\xdb\x61\xec\x76\x3b\x3a\xdb\x7b\
\xd8\xdc\x01\xea\x75\xcd\x3b\xaa\xd8\xbd\x11\x08\x02\x97\x80\x0f\
\x00\x08\xc0\x74\xe4\x52\x78\xf1\x0a\x60\xcb\xbe\x0e\xfc\xfa\xef\
\xdf\x60\x70\xd8\x37\xee\xfb\x4f\x05\x83\xc9\x8e\xab\x1e\xff\x0e\
\x5b\xab\xd8\x4f\x72\xde\x62\x67\x5d\x0f\x3e\xdb\xc6\x27\xeb\x32\
\x79\xca\x78\x44\x84\x07\xee\x60\x29\x9b\xdd\x0a\x87\x83\x8f\xbc\
\x6f\x73\x53\x07\x24\x17\xdb\x35\x02\x21\xf8\x84\x8b\x33\x02\x41\
\x00\x13\xf0\x01\x00\x00\xa6\x2a\xbe\x50\x2f\xcd\x34\xdf\x5e\xd7\
\x83\x1b\x9f\xdd\x08\x8b\xd5\x23\x52\xa9\xb2\x60\xb1\x3a\x71\xc3\
\x3f\x37\xa2\xb4\x86\xbd\x7a\xde\xd3\x58\xac\x0e\xfc\xf9\xf5\x6d\
\x5c\xda\xfe\x42\xc3\x42\x30\xf1\xb4\x42\x0e\x5e\xf9\x26\x92\x24\
\xc1\x64\xe6\x53\xf8\xe7\x72\x3a\xa1\xa9\x67\xd7\x5a\xa0\x84\x8a\
\x00\x40\x20\x38\x09\xc1\x10\x00\x30\xfd\x1b\x55\x5e\xa8\x01\x38\
\xd8\x3e\x88\x9b\x9e\xdd\x00\xbb\xc3\x3d\x25\x3f\x5f\xc2\xee\x74\
\xe1\xe6\xe7\x36\xa1\xb6\xd5\xbf\x86\xaf\x3d\xf2\xee\x0e\xb4\xf4\
\x0e\x71\xb1\x75\xda\xd4\x89\x08\x0b\x0b\xdc\xa9\x92\x46\xf3\x30\
\x37\x1d\x8a\xe6\xc6\x0e\xe6\x41\x41\x14\xa8\xd7\x37\x96\xef\xe1\
\xe2\x90\x40\x10\xc0\x04\x43\x00\xc0\x74\x84\x57\x7a\xb8\x06\xa0\
\x5f\x67\xc1\x55\x8f\x7f\xcf\xe5\xde\xd9\x57\x30\x5a\xec\xb8\xee\
\xa9\xf5\xd0\xea\xfd\xa3\x23\x6b\x53\x65\x1b\xd6\x6c\x3e\xc8\xc5\
\x56\x54\x54\x24\x26\x4e\x1a\xc7\xc5\x96\x2f\x62\xb5\x59\xe1\xb0\
\xf3\xf9\x5d\x75\x38\x1c\x68\x38\xd8\xc2\xc1\x12\x7d\x85\x83\x11\
\x81\x20\xe0\x09\x86\x00\x80\xe9\xdf\x18\xea\xc1\x1a\x00\x49\xa2\
\xb8\xeb\xdf\x5b\xfc\x66\xa3\x3c\x15\xfa\x74\x66\xfc\xe1\xc5\xcd\
\x70\x79\x49\xb8\x68\xa4\x0c\x0e\xdb\xf0\xe7\x37\x4b\xb9\xd9\x9b\
\x35\x67\x2a\x54\x21\x81\xd3\x12\x79\x24\x4e\x97\x0b\x66\x93\x91\
\x9b\xbd\xfa\xba\x16\x1e\x63\x82\x87\x09\xec\xef\x70\x70\x47\x20\
\x08\x78\x82\x21\x00\x60\xca\x00\x78\x52\x09\xf0\x85\x4f\xf7\xf8\
\xe5\x7d\xf9\x48\xd9\x5e\xd7\x83\x97\x3f\xdf\xeb\x6d\x37\x8e\x8b\
\x24\x51\xdc\xf5\x4a\x31\xb7\x00\x2c\x35\x2d\x19\x05\xa3\x73\xb9\
\xd8\xf2\x35\x28\x05\x8c\xc6\x21\x50\x1e\x65\xff\x00\xcc\x26\x0b\
\x9a\x1a\xd8\xa7\x2c\x02\x64\xb5\x4e\x53\xe1\x3f\x2d\x33\x02\x81\
\x17\x09\xcc\xa3\xc9\x4f\x61\x0a\x00\x54\x21\x9e\x29\x02\xac\x69\
\xd1\xe2\x95\x2f\xe4\xdf\x1c\x55\xa1\x2a\x24\xa5\xc7\x23\x29\x25\
\x0e\x61\x91\xa1\xa0\x2e\x09\x16\x93\x0d\x03\xbd\x06\x68\x7b\xf5\
\x90\x5c\xf2\x9e\xd0\x5f\xfa\x6c\x0f\xce\x9c\x31\x0a\xe3\x47\x25\
\xc8\xba\x8e\x3b\x3c\xff\x49\x25\xb6\xee\xe3\xd3\xb5\x40\x08\xc1\
\x9c\xa2\x19\x00\xf1\xbe\x8e\x84\x1c\x98\x4c\xc3\x70\x71\x90\xfb\
\x3d\x4c\xf5\xde\x03\xcc\x95\xff\x00\xa8\x42\x92\x5e\xe2\xe1\x8f\
\x40\x10\x0c\x04\x43\x00\xc0\xf4\x05\xf6\x44\x0d\xa0\x24\x51\x3c\
\xb4\xaa\x4c\xb6\xf4\x78\xde\xf8\x0c\x4c\x99\x33\x16\xe3\x67\xe6\
\x61\xd4\xe8\x34\x10\xc5\xb1\xff\x51\x0e\x9b\x13\xed\x9a\x5e\xec\
\x2d\x39\x88\xca\xad\x07\xd0\xdf\xc3\x5f\xcc\xc7\x29\x51\x3c\xb8\
\xaa\x0c\x1f\xff\xf5\x5c\x10\x1f\xda\x1c\x37\x55\xb6\xe1\x95\x75\
\xfb\xb8\xd9\x1b\x3b\xbe\x00\x49\x29\x89\xdc\xec\xf9\x12\x36\x9b\
\x15\x36\xbb\x95\x9b\xbd\x8e\xb6\x6e\x74\x77\xb2\x2b\x2d\x82\x60\
\xfd\x40\x4b\xf9\x01\x76\x43\x02\x41\x70\x10\x0c\x01\x80\x0b\x0c\
\xff\x4e\xa7\x44\x65\x57\x03\x5c\x53\x7c\x10\x7b\x1b\x39\x7c\x00\
\x8f\x80\x28\x08\x66\x9e\x31\x1e\xcb\x2e\x9a\x8d\xdc\xc2\x8c\x11\
\x3d\x13\x12\xa6\x42\xfe\xf8\x4c\xe4\x8f\xcf\xc4\x85\xbf\x5b\x82\
\x03\x95\xcd\x58\xb7\xba\x04\x4d\xb5\xed\x5c\x7d\xab\x6c\xe8\xc5\
\x27\x5b\x1a\x70\xf1\x22\xdf\x98\x8a\xd7\xda\x37\x84\xbb\xfe\xbd\
\x85\xdb\x60\xa5\x88\xc8\x08\xcc\x3a\x7d\x1a\x17\x5b\xbe\x86\xd3\
\xe9\x80\xd1\x3c\xcc\xcd\x9e\xcd\x66\x47\xf5\x1e\x2e\x05\x97\x54\
\xe1\x52\x3c\xcc\xc3\x90\x40\x10\x2c\x04\x43\x00\xe0\x00\xc3\xbf\
\xd3\xe5\x94\x64\xad\x03\xb0\x39\x25\xbc\xf0\x29\xdf\x8e\xa5\xac\
\xfc\x14\x5c\x79\xc7\x39\xc8\x1b\x3f\xb2\x8d\xff\x78\x14\x4e\xcf\
\x43\xe1\xf4\x3c\xd4\xec\x6a\xc2\x7b\xcf\x7d\x03\x5d\x3f\xbf\x0f\
\xff\xf3\x9f\x56\xe2\xfc\xf9\x05\x08\xf5\xf2\xb0\x25\x49\xa2\xb8\
\xf3\xe5\x62\xae\x5d\x17\x45\xf3\x67\x06\x64\xdb\x9f\x4b\x72\x61\
\xd8\x38\xc4\x45\xed\xef\x10\x14\x95\x3b\x6a\x78\x14\xfe\x81\x80\
\xae\x1d\x68\x29\xd9\xc1\xc1\x29\x81\x20\x68\x08\x86\x22\x40\x07\
\xd3\xc3\xec\xf7\x92\x27\xe4\xd3\x2d\xf5\xe8\xd3\xf1\xab\xfa\x5f\
\x71\x59\x11\xee\x7b\xe5\xb7\xcc\x9b\xff\x91\x4c\x9a\x55\x80\x87\
\x5e\xfb\x1d\x66\x2c\xe4\x27\x65\xdb\x3d\x60\xc2\xda\x6d\x8d\xdc\
\xec\xb9\xcb\x27\x5b\x1a\xb0\xb7\x81\x5f\xf6\x25\x37\x2f\x1b\xb9\
\xf9\x39\xdc\xec\xf9\x0a\x94\x52\x18\x87\x0d\x5c\x06\xfd\x1c\xa6\
\xf1\x60\x2b\x7a\x7b\xb4\x3c\x4c\xb9\x88\x8b\x3e\xc0\xc3\x90\x40\
\x10\x4c\x04\x43\x00\xc0\x54\xa9\xe4\x90\xb1\x28\xce\x29\x51\xbc\
\xfe\x25\x1f\xb9\x72\xa5\x42\x81\xab\xee\x3c\x07\x17\x5c\xb7\x08\
\x4a\x19\xd4\x0b\x23\x63\xc2\x71\xc3\x03\x17\xe0\xec\x5f\xcf\xe5\
\x66\xf3\xb5\x75\x55\x5e\x6f\x0b\xfc\x70\x33\xbf\x2b\xe3\x90\xd0\
\x10\x14\xcd\x9f\xc5\xcd\x9e\xcf\xf0\x63\xc5\xbf\xd3\xc5\x4f\x98\
\x4a\xdb\xaf\xc3\xfe\x6a\x3e\x01\x20\x05\x7d\x67\xa0\x75\x7b\x1d\
\x17\x63\x02\x41\x10\x11\xf0\x01\x00\x65\xcc\x00\x48\x1c\x3f\x7a\
\x47\xb3\x6d\x5f\x07\xda\xfa\xd8\xd3\xea\x44\x41\x70\xfd\xfd\x2b\
\x31\xff\x9c\xa9\x1c\xbc\x3a\x31\x2b\xaf\x5d\x8c\xf3\xaf\x59\xc8\
\xc5\x56\x4b\xef\x10\x4a\xaa\xbd\xd7\xf6\xa8\x33\x5a\xb1\xaf\x89\
\xcb\x09\x14\x00\xe0\xb0\x3b\xf0\xc3\x86\x6d\x68\x6e\x6c\xe3\x7a\
\x52\xf6\x36\xc3\xa6\x21\xd8\x39\xe9\xfc\x03\x80\xc9\x68\xc1\xae\
\xb2\x7d\xdc\xde\x91\xd2\x45\x9f\xe1\x62\x48\x20\x08\x32\x02\x3e\
\x00\x20\x3e\x9c\x01\xf8\x6c\x5b\x03\x17\x3b\x17\x5d\xb7\x18\xd3\
\xcf\xf0\x9c\xd6\xfc\x39\x57\xcc\xc3\xbc\xb3\xa7\x70\xb1\xb5\xb6\
\xc4\x7b\xd7\x00\x3d\x03\x66\x6e\x12\xb6\x87\xe9\xed\xe9\xc7\xa6\
\x8d\xdb\xb0\xe6\xfd\x2f\xb0\xb7\xa2\x06\x16\x0b\xbf\x6a\x79\x8f\
\x43\x29\x4c\xe6\x61\xd8\xed\xfc\x86\x51\x39\x1c\x0e\xec\x28\xdd\
\xc3\xe5\xde\xff\x30\x92\x52\xf1\x6d\x42\xc1\xdc\x15\xdc\x0c\x0a\
\x04\x41\x42\xb0\x14\x01\xba\xff\xb0\x4c\x35\x00\xc3\x66\x3b\x36\
\x54\xb0\x0f\x3d\x99\xb5\x78\x22\xce\xbc\x64\x0e\x07\x8f\x4e\x8d\
\xcb\x6f\x5b\x8e\xf6\x86\x5e\xb4\x35\xb2\x8d\x6d\x5d\xbf\xbb\x15\
\x26\xab\x03\x51\xe1\x4c\x43\x1b\xdd\x42\xce\xfa\x0e\xb3\xc9\x8c\
\x8a\x5d\xfb\xb0\xb7\xb2\x1a\xf9\x05\xb9\x18\x3f\x79\x1c\x92\x93\
\x7d\x4f\xfb\xe0\x44\x98\x2d\x66\x58\xad\xfc\x02\x18\x97\xd3\x85\
\xed\x25\x7b\x31\x64\xe0\xa7\x1e\xf8\x23\xa3\x28\x25\xdf\xaa\xf3\
\x8b\x3e\x20\x44\x75\xef\x60\xd3\x56\xbe\x6d\x2b\x5e\x22\x25\xef\
\xf4\x54\x07\x90\xaa\x20\x24\x45\xa2\xaa\x08\x02\x57\x38\x00\x48\
\x50\xd8\x94\xc4\x65\x06\x25\x43\xc4\xa9\xe8\xd0\xb6\x97\xf6\x00\
\x08\x9c\x94\x93\xc0\x63\x04\x7c\x00\x40\x00\x07\xcb\x19\xcf\x64\
\x61\x8a\x1f\x8e\x4b\xf1\xde\x76\xe6\x61\x3f\x51\xb1\x11\xb8\xe4\
\x96\x65\x9c\x3c\x3a\x35\x54\xa1\x2a\x5c\x73\xcf\x2f\xf0\xd8\xcd\
\x6f\x31\x89\x07\x59\x6d\x4e\x6c\xd9\xdb\x81\x73\xe6\xe4\x71\xf4\
\x6e\x64\xe4\xa4\xc4\xc8\xbe\x86\xcb\x25\xa1\xa1\x5e\x83\x86\x7a\
\x0d\x92\x53\x93\x50\x38\x7e\x34\xf2\x0a\x72\x10\x12\xe2\xf9\x80\
\xe7\x54\x30\x5b\x4c\xb0\x58\xf9\x15\xa7\x4a\x54\xc2\xce\xf2\x7d\
\x18\xe8\xd7\x71\xb3\x79\x0c\x7e\x4d\xa9\xf3\xfc\x84\xbc\x79\xcf\
\x48\x34\xe4\x59\x7d\x4b\x31\x7f\x21\x0b\x19\xc8\xca\x9a\x1b\x61\
\x0c\x53\xcc\x21\x12\x2d\x02\x30\x19\x04\x13\x00\x8c\x73\x00\xa1\
\xc0\x8f\x3b\x3b\x91\x40\x7f\x94\x34\x21\xa0\x90\xa0\x38\xa4\x70\
\x12\x42\xa1\xce\x2f\x72\x80\xa2\x1d\x04\x55\x84\x92\x6a\x09\xd8\
\x4d\x5d\x64\x9b\xa1\xad\x44\xd6\x97\x2d\xf0\x7f\x02\x3e\x00\x00\
\xc0\x34\xd2\x6d\xc8\xcc\x2f\xfd\x79\x24\xe5\xfb\xbb\x99\x6d\x5c\
\x70\xdd\x22\xc4\xc6\x47\x71\xf0\xc6\x3d\x32\xf3\x52\x30\x6f\xf9\
\x54\x6c\xfb\x86\xad\x8d\xb1\x6c\x7f\x97\x57\x02\x80\xf8\xe8\x30\
\x8c\x4a\x89\x45\x6b\x1f\x9f\xa9\x7f\x27\xa3\xbf\x57\x8b\xfe\x5e\
\x2d\xca\x4b\x77\x21\x2f\x6f\x14\xc6\x14\x16\x20\x3d\x3d\xd9\xe7\
\xd4\x02\xcd\x16\x13\x2c\x16\x7e\x9b\xbf\xcb\xe9\xc2\xce\xf2\x7d\
\xe8\xed\xe6\x57\x6f\x71\x02\x22\x29\xa1\x0f\x12\x62\xff\x7d\x42\
\xfe\xdc\x7f\x39\x42\x5d\xff\x1a\x3e\xb0\xd3\xe7\x46\x51\xc6\x8d\
\x2e\x2a\x50\x50\x72\x21\x28\xfd\xa5\x09\x38\x9d\x50\x1a\xca\x20\
\x59\x16\x02\x82\x7c\x00\xf9\x94\xd0\x95\x04\x00\x51\x51\x49\x9d\
\x5f\x54\x05\x90\xef\x24\xe0\x53\x83\xa6\x74\x37\x37\xe7\x05\x01\
\x43\xc0\x07\x00\x12\x88\x8e\x30\x34\x2e\x1b\x64\x9a\xca\x57\x5e\
\xc3\x16\x00\xc4\x25\x45\x63\xee\x59\xa7\x71\xf2\xc6\x7d\xce\xbb\
\x7a\x01\xca\xd7\x57\xc1\xe9\x74\x3f\x9b\x51\x5e\xdb\xc5\xd1\xa3\
\x53\x63\xc1\x94\x4c\xb4\x6e\xf0\x4c\x00\x70\x18\xa7\xc3\xf5\xbf\
\xac\x40\x74\x4c\x14\xf2\xf2\x73\x90\x3f\x26\x17\x49\x49\xde\xbf\
\x22\x30\x99\x8c\xb0\xda\x2c\xdc\xec\x59\x2d\x36\xec\x28\xdb\x0b\
\xdd\x80\xc7\xe5\xf9\xe3\x29\xc8\x43\x2a\xbb\xea\xee\xf8\xfc\xa2\
\x0f\x28\x51\xbc\x62\x68\x2a\xa9\xf0\xb4\x13\x3f\x71\x28\x77\x51\
\x3c\x21\x8e\x2b\x41\xe8\x75\x90\x30\x95\xa3\xa0\xc2\xb1\x50\x00\
\x98\x0a\xd0\xa9\x0a\xe0\xcf\xea\xfc\xa2\x56\x42\xc9\x6a\x4a\xc8\
\x9b\x3a\x4d\x09\xfb\xdd\xa3\x20\x20\x08\xf8\x00\x00\xa0\x4c\x69\
\xc0\x21\x33\xff\x00\xa0\x4f\x67\x66\x3e\x75\x2e\xfa\xc5\x0c\xa8\
\xbc\x2c\xa2\x03\x00\xb1\x09\xd1\x98\x32\x6f\x2c\x2a\xb6\xb8\xdf\
\x85\xd5\xdc\x3d\x04\xad\xde\x8c\xa4\xf8\x48\x8e\x9e\x8d\x8c\x6b\
\xcf\x99\x84\x35\x9b\x0e\xca\xae\xf7\x70\x3c\x8c\xc3\x26\x54\xef\
\xab\x43\xf5\xbe\x3a\xc4\xc5\xc5\x22\x7f\xf4\x28\x8c\xca\xcb\x42\
\xa2\xa7\x83\x01\x0a\x18\xcd\x43\xb0\xd9\xf8\x65\xbc\xfa\x7a\xb4\
\xa8\xe0\x24\xf4\xc3\x40\x04\x01\xae\x25\x54\xba\x56\x9d\x5f\x54\
\x0b\x8a\x0f\x5c\xc4\xf5\xd1\x90\x66\x07\x9f\x0a\xdc\x93\x90\x91\
\x31\x23\xd2\x1c\x11\xba\x9c\x50\x72\x21\x60\xbf\x10\x80\xe7\x7f\
\xc9\x0f\x31\x8a\x12\xfa\x20\x40\xef\x53\xe7\xcf\xfd\x06\x50\x3e\
\xa5\xd3\x94\x94\x78\xc9\x17\x81\x8f\x10\xf8\x01\x00\x81\x9e\x25\
\xd0\x1e\x32\xf2\xbf\x02\x68\xe8\x64\xbb\x9a\x24\x84\x60\xde\x72\
\x3e\x55\xf8\x3c\x98\xbf\x7c\x0a\x53\x00\x00\x00\x0d\x5d\x06\xaf\
\x04\x00\xb9\xa9\xb1\xb8\xf9\xfc\x29\xf8\xd7\x67\x7c\xd5\x18\xdd\
\xc1\x60\x18\xc2\x9e\x8a\x6a\xec\xa9\xa8\x46\x54\x74\x24\x72\x46\
\x65\x61\x54\x6e\x16\xd2\x32\x52\xa1\x94\x51\x8d\x52\xa2\x14\xc3\
\xc3\x06\x38\x9d\x7c\xea\x5d\x6c\x36\x3b\x6a\xf6\xd5\xa3\xbd\xc5\
\x7b\x99\x9d\xe3\x30\x11\x04\x8f\x29\xa1\x7c\x4c\x9d\x5f\xd4\x08\
\x8a\x6f\x29\x21\xc5\x2a\x97\xa2\x5c\xdb\xba\x8d\xfd\x4e\x0e\x00\
\x66\xcc\x08\x89\xd3\x47\x9c\xa6\x94\xa4\x45\x94\x60\xb1\x05\x58\
\x4c\xa8\xd7\x36\xfd\x63\xa1\x04\xc8\x2f\x01\xe9\x97\xea\xbc\xb9\
\xc5\x54\xa9\xfc\x9b\xbe\xb1\xa4\xd8\xdb\x4e\x09\xbc\x43\xc0\x07\
\x00\x44\xa2\x3a\x96\x3b\x56\x39\x32\x00\xcd\xdd\x6c\xe9\xd0\x8c\
\xdc\x64\xc4\x25\x45\x73\xf2\x86\x9d\x71\xd3\x47\x21\x34\x3c\x04\
\x76\xab\xfb\x1b\x48\x73\xb7\x01\x73\x27\xa4\x73\xf4\x6a\xe4\xdc\
\x7e\xd1\x34\x74\x0f\x98\xf0\xf1\x96\x7a\xaf\xac\x7f\x2c\x4c\x46\
\x33\xea\x6a\xeb\x51\x57\x5b\x8f\x90\x90\x10\xa4\x67\xa6\x20\x23\
\x33\x1d\x19\x59\x69\x50\xab\xe3\xb8\xad\xe3\x74\x3a\x61\x34\x0e\
\xc1\x25\xb1\xeb\x5d\x38\xec\x4e\x34\xd5\xb7\xa0\xb1\xbe\x95\xe9\
\x4a\xc8\x43\x8c\x06\xc1\xef\x09\xe8\xef\x5d\x4a\x17\xd4\xf9\x45\
\x6d\x00\xad\x05\x45\x0d\x14\x68\x02\x45\x27\x55\xa0\x93\x2a\x94\
\x06\x97\x44\x86\x95\x76\xfa\xbf\x76\xe2\x10\x42\xc2\xa5\x10\x29\
\x41\x72\xd1\x44\x42\x68\x26\x28\xc9\x27\x04\x05\x00\x4e\xa3\x3a\
\x4c\x06\xa4\x50\xea\x5b\x65\x1d\xc7\x86\x90\x45\x44\x92\x16\x25\
\xe4\xcf\x5b\xeb\x52\x91\x3f\x19\xea\x4b\x34\xde\x76\x49\xe0\x59\
\x02\x3e\x00\x00\x14\x7a\x96\xbb\x36\x83\x0c\x19\x00\x4d\x17\x5b\
\x00\x50\x38\x3d\x97\x8f\x23\x9c\x50\x2a\x95\xc8\x1d\x97\x8e\xfa\
\x7d\xee\x5f\x2d\xb2\xbe\x13\x16\x08\x21\x78\xf2\xc6\x05\x98\x3a\
\x26\x19\x8f\xbf\xbf\x0b\x46\x8b\x57\x53\xd6\x3f\xc3\xe1\x70\xa0\
\xad\xa5\x13\x6d\x2d\x87\x44\x93\x22\xa2\x22\x90\x99\x99\x86\x94\
\xd4\x64\xa4\xa4\x26\x41\x9d\x18\x0f\x85\x1b\x41\xae\xc5\x6a\x81\
\xc5\x6c\x02\x65\xbc\x8b\xd6\xe9\x86\xd0\xa6\xe9\x40\x5b\x6b\x37\
\x5c\xbe\xbf\xf1\x1f\x8f\x1c\x80\xe4\x80\xe0\xec\xc3\xaf\x83\x48\
\x00\x91\xa4\x43\x62\x29\x47\x7c\x29\x5d\x00\x20\x1d\xae\xdd\x24\
\x00\x91\xf9\x36\x5f\x66\x28\xe8\x05\x0a\x27\x3d\x27\xbe\xa0\xe8\
\x31\x7d\x76\xe8\x13\x28\x2e\xe6\x37\xe7\x59\xe0\xd3\x04\x7e\x00\
\x40\xd8\x6a\x00\x06\x86\xf9\x0b\xb9\x68\x87\xd8\x8a\xac\xb2\x72\
\x93\x39\x79\xc2\x8f\xbc\xc2\x4c\xa6\x00\xa0\xdf\xc0\xaf\xf0\xcc\
\x5d\x7e\xbd\xa4\x10\x2b\x66\xe7\xe2\x8d\xaf\x6a\xf0\x9f\xf5\xb5\
\xb0\x58\x7d\xf3\x3b\x68\x31\x59\xd0\x58\xdf\x8c\xc6\xfa\x66\x00\
\x80\x2a\x44\x89\xe4\xe4\x24\x24\xa7\x24\x21\x21\x31\x0e\xf1\xea\
\x78\xc4\xab\xe3\x8e\x7b\x6d\x40\x29\x85\xd1\x38\x0c\xbb\xc3\xbd\
\xe0\xd6\x61\x77\x40\xdb\xaf\x87\x56\x3b\x88\x9e\xae\x7e\x98\x86\
\xf9\x75\x0c\x08\xbc\x46\x18\xa1\x78\x34\xa1\xcd\x7e\x3e\x46\xcf\
\xbb\x66\xb0\xb1\xb4\xd6\xdb\x0e\x09\xe4\x27\x08\x02\x00\x0c\xb2\
\x84\xe7\x3d\x83\x26\x7e\xbe\xfc\x88\x89\x21\x55\x0e\x00\xea\x54\
\x7e\x29\x60\x5e\xc4\x33\x5e\x49\x98\xad\xbe\x71\xea\x56\x47\x87\
\xe3\x9e\xcb\x66\xe2\xda\x73\x26\xe2\xd5\x75\x55\x78\x7f\xe3\x01\
\xd8\xec\xbe\x19\x08\x1c\xc6\xe9\x70\xa1\xbb\xab\x17\xdd\x5d\xbd\
\xff\xfb\x6f\x0a\x42\x10\x13\x17\x03\x75\x42\x1c\xa2\xa3\xa3\x10\
\x15\x1d\x85\xa8\xa8\x08\x84\x86\x85\x80\x28\x24\x28\x14\x0a\xa8\
\x42\x54\x20\xc7\xc9\x1c\x50\x4a\x61\xb7\xd9\x61\x36\x5b\x61\x36\
\x59\x60\x36\x59\x60\x32\x5a\x31\x38\xa8\xc7\xb0\xc1\xc8\x5d\x41\
\x51\xe0\x1b\x50\x60\x26\x24\xba\x33\xbe\x60\xee\xcd\xfa\xa6\xf2\
\xd5\xde\xf6\x47\x20\x2f\x01\x1f\x00\x50\x17\xed\x26\x0a\xf7\x2f\
\xe4\xba\x07\xf8\x07\x00\x66\xc6\x93\xa5\x3a\x51\x7e\x01\x9b\x53\
\x25\x3a\x36\x82\xe9\x79\xa3\xc5\xb7\x36\xd9\xa4\xd8\x08\x3c\x70\
\xe5\xe9\xb8\xe1\xdc\xc9\x78\xf9\x8b\x7d\x58\xb3\xe9\x20\xec\x7e\
\x94\xde\x96\x28\x85\x41\x3f\x04\x83\xfe\xc4\xdd\x26\x4a\x85\x02\
\x0a\x95\x12\x21\x21\x2a\x38\x1c\x4e\x00\x14\x0e\x1f\x0f\x78\x04\
\xb2\x13\x49\x28\xf9\x8f\x3a\xbf\x68\x8e\x4e\x6d\xbb\x1d\x15\x15\
\xf2\xa8\xa1\x09\xbc\x4e\xc0\xcf\x02\xa0\x2a\xd2\xc1\xf2\x7c\x9f\
\xce\x0c\x89\xf3\xc4\x3a\x2b\xeb\x07\xd6\x07\x4f\x5f\xe1\x91\x61\
\x4c\xcf\x33\xbf\x13\x99\x48\x51\x47\xe2\x6f\xd7\xcc\xc5\x0f\xcf\
\xfe\x0a\x97\x2f\x2b\x44\x58\x68\x60\xc5\xcc\x2e\x49\x82\xc3\xee\
\x80\xd9\x64\x81\xc3\xee\xf0\xa9\xcd\xff\xfa\x65\xa3\x90\x97\xea\
\x4b\x05\xf4\x41\xc7\xcd\x09\xba\xb0\xd7\x00\x06\x89\x22\x81\x4f\
\x13\xf0\x01\x80\xda\x19\xda\x09\x86\x1a\x1d\x87\x4b\xc2\x80\x81\
\x6f\x1d\x40\x44\x28\x5b\xff\xbe\xd3\xe9\x7b\xb2\xdf\x76\x1b\xdb\
\xc6\x11\x19\xe6\xdb\x1b\x6b\x66\x52\x34\x1e\xbb\x76\x1e\x4a\x5f\
\xbc\x0c\x77\x5d\x32\xc3\x2b\x2d\x8b\xc1\xc4\x75\x67\xe6\xe2\x9e\
\x0b\xc7\x62\xdd\x7d\x73\xf1\xdb\xa5\xa3\xdc\x2a\x72\x14\xb0\x43\
\x81\xdf\x26\xe4\xcd\xfb\x9b\xb7\xfd\x10\xc8\x43\xc0\x07\x00\x2d\
\x2d\xc5\x56\x00\x4c\x1a\xa4\x5d\x83\x7c\x87\x97\x44\x45\xb0\xe9\
\xc0\x9b\x4c\xbe\x37\x61\xce\xc4\x58\xd8\xc8\xfa\x4e\x3c\x45\x42\
\x4c\x18\x6e\x5b\x39\x15\xdb\xfe\x75\x29\x9e\xbc\x71\x01\xc6\x65\
\x7b\x5f\xbd\x2f\xd0\xb8\xe9\x9c\x42\xdc\x73\xf1\x14\x10\x55\x18\
\xc2\xc3\xc3\xf1\x97\x8b\xc7\xe3\x83\x3f\xcd\xc6\xf8\x6c\xdf\xbb\
\xfa\x0a\x06\x28\xa1\x0f\xc4\x17\xcc\x5d\xe9\x6d\x3f\x04\xfc\x09\
\xf8\x00\x00\x00\x40\xc1\x74\x0d\xd0\x3d\xc8\xb7\xca\x39\x32\x3c\
\x94\xe9\xf9\xee\xe6\x3e\x4e\x9e\xf0\xa3\xb7\x73\x90\xe9\xf9\xe8\
\x08\xb6\x77\xe2\x69\xc2\x54\x0a\x5c\xbc\x70\x2c\xbe\x79\x62\x25\
\x56\xff\xe5\x6c\x9c\x71\x5a\x16\x14\x0c\xb5\x26\x02\x20\x54\xa5\
\xc4\xd3\x37\x2d\xc4\x3d\x57\xce\x43\x48\x74\x12\x94\xd1\xa9\x50\
\xc6\xa4\x41\x15\x9b\x89\x59\xd3\x26\x61\xdd\xe3\x17\xe3\xb1\x6b\
\xe7\x41\x1d\x1d\xee\x6d\x57\x83\x0d\x42\x28\x79\x27\x6e\x74\x51\
\x81\xb7\x1d\x11\xf0\xc5\xb7\xf3\xae\xbc\x20\xb4\x03\x20\xd3\xdc\
\x7d\xbc\xab\x7f\x98\xa7\x37\x48\x55\xb3\xa5\x8f\x3b\x5b\xfa\x39\
\x79\xc2\x8f\xce\x26\xb6\xa0\x24\x25\x9e\xad\x88\xd0\x5b\x10\x42\
\x30\x7f\x72\x06\xe6\x4f\xce\x40\x7b\x9f\x11\x9f\x6d\xab\xc7\x27\
\x5b\x1a\xd0\xa9\xe5\x3e\xf2\x36\xa0\x51\x47\x87\xe3\xdf\x77\x2e\
\xc5\xec\xf1\x69\xc7\xfd\x19\xa5\x82\xe0\xf2\x65\x85\x38\x67\x4e\
\x1e\x5e\xfb\xb2\x0a\xab\x37\xec\xf7\xd9\x56\xcd\x00\x24\x4e\x21\
\xe1\x1d\x00\x0b\x21\x46\x0f\x07\x0c\xde\x17\x93\xf7\x00\x11\xea\
\x9c\x05\x00\x66\xb9\xfb\x7c\x66\x52\x0c\x96\x4e\xcf\xe1\xe6\x4f\
\xa7\xd6\x88\x1f\x2a\xdd\xef\x99\xb7\x5a\x1c\x58\x7c\xfe\x4c\x6e\
\xfe\xb0\xe2\xb4\x3b\xf1\xc1\xcb\xdf\x43\x62\xd0\xd3\xbf\x64\xd1\
\x38\x4c\xcc\x4d\xe4\xe8\x95\xe7\x89\x8b\x0a\xc5\x9c\x09\xe9\xb8\
\x66\xf9\x44\xcc\x2a\x4c\x83\x24\x51\xb4\xf4\x0e\xc3\xe5\xa5\x39\
\x03\xfe\xc2\xcc\x71\xa9\x78\xfb\xde\x15\x98\x90\x3b\xb2\xeb\x94\
\xf0\x50\x15\xe6\x4f\xce\xc4\xa5\x8b\xc7\x81\x52\x60\x7f\xdb\x20\
\x9c\x01\xfa\x8e\xd5\x51\x21\xc8\x49\x8e\xc4\xf8\xec\x18\x14\x66\
\xc5\x20\x35\x3e\x1c\x99\x09\xe1\x88\x8f\x0a\x81\xc3\x49\x61\x75\
\x78\xf4\xdf\x9d\x13\x9e\x90\x3d\x60\xd5\xb5\xef\xf4\xe4\xa2\x02\
\xf9\x08\x8e\x0c\x00\x68\x1b\x4b\x21\x6b\x53\x37\xdf\xb1\xe2\xf9\
\xe9\x6c\x7d\xfc\xbd\xed\x03\xe8\x6c\xee\x43\x66\x5e\x0a\x27\x8f\
\xd8\xa8\xa9\xd0\xc0\xc1\x58\x04\x98\x9f\xe1\x7b\xda\x06\xee\xa2\
\x50\x10\xcc\x9b\x94\x81\x79\x93\x32\xf0\x37\x93\x1d\x5f\x95\x6b\
\xf0\xc9\xb6\x7a\xec\x6b\xd4\x8a\xfe\xf9\x23\x08\x53\x29\x70\xc7\
\xc5\x33\x70\xfd\xb9\x93\xa1\x74\xe3\xfa\x24\x29\x36\x02\xf7\x5d\
\x31\x1b\x37\x9f\x7f\x1a\x3e\xfc\xe1\x20\xde\xdd\x50\x27\x8b\x6e\
\x87\xa7\x88\x0c\x53\x61\xfa\xe8\x38\xcc\xca\x57\x63\xd6\x18\x35\
\x26\x8f\x8a\x45\x58\xc8\x89\x6f\x69\x07\x86\xed\xa8\xef\x32\xe2\
\x40\xc7\x30\x36\x57\xf7\x63\x77\xa3\x1e\x4e\xce\x5d\x4b\x47\x42\
\x28\x1e\x8b\x2e\x28\x5a\x63\x6c\x2a\xf3\xbd\x7b\x48\xc1\x29\x13\
\x14\x01\x00\x85\xa2\x9e\x65\x24\xb0\xa6\x93\xaf\x4c\xed\xe8\x2c\
\x35\x08\x21\x4c\x9b\xc1\xee\x2d\x75\x3e\x13\x00\x6c\xdf\x50\xc3\
\xf4\x3c\x21\x04\x05\x19\xf1\x9c\xbc\xf1\x2d\x62\xa3\x42\x71\xf9\
\xb2\x42\x5c\xbe\xac\x10\x5d\x5a\x13\xbe\xdf\xdd\x82\xf5\xbb\x5a\
\xb1\xfb\x60\x0f\x5c\x32\x7e\xa8\x7d\x9d\xf1\xa3\x12\xf0\xec\x2d\
\x0b\xb9\x14\x51\xaa\xa3\xc3\x71\xf3\xf9\x53\x70\xfd\x2f\x26\x63\
\xfd\xae\x56\x7c\x5c\x5c\x8f\xd2\x9a\x4e\xbf\x79\xbf\x33\xc6\xa6\
\xe2\xb2\x25\x85\x38\xf7\xf4\x5c\x84\x52\x13\x24\xeb\xc8\xbf\x37\
\x89\x31\xa1\x98\x3b\x2e\x01\x73\xc7\x25\xe0\xb7\x4b\x47\x41\x6f\
\x72\x60\x73\x4d\x3f\x3e\x2b\xeb\xc2\x8e\x06\x9d\x1c\xee\xc6\x86\
\x50\xfa\x37\x00\x37\xcb\x61\x5c\xe0\x59\x82\xa2\x6a\x29\x61\xf4\
\x82\x09\x54\x72\x31\x49\x5b\x56\xbe\x7e\x25\xe2\xa3\xd9\x7a\xdd\
\x8f\x64\xf9\x3d\x9f\xa2\xa1\xc3\xfd\xcc\x42\x64\x74\x18\xfe\xfe\
\xee\x6d\x88\xe4\xe8\x93\x3b\xf4\xf7\xe8\xf1\xf0\xd5\xaf\xc2\x25\
\xb9\x9f\x8a\x1c\x3f\x2a\x01\x5f\x3f\x7e\x01\x47\xaf\x7c\x1f\xed\
\x90\x05\x1b\x77\xb7\xe1\xbb\x9d\x2d\xd8\xbe\xbf\xdb\xaf\x44\x86\
\x58\x48\x8a\x8f\xc4\x1d\x17\x4d\xc3\x25\x8b\xc7\x41\x25\x63\xd1\
\xa4\x56\x6f\xc6\xba\x32\x0d\xbe\xda\xae\x41\x95\x46\xcb\x5d\xcb\
\x83\x95\xb1\xd9\x6a\x9c\x39\x63\x14\x56\xa0\x94\x2c\xeb\x00\x00\
\x20\x00\x49\x44\x41\x54\xce\x2b\x40\x41\xe6\x91\xc1\x2f\x85\xcb\
\xd8\x0f\xea\x64\xef\xf4\xd9\xd7\x3c\x84\x37\xd6\x37\x63\x63\x55\
\x3f\x24\xbe\x99\x27\xa7\xa4\x40\xa1\xa1\xb1\xac\x89\xa7\x51\x81\
\xe7\x09\x8a\x1a\x00\x4b\x7a\x8c\x21\xc2\x19\xfe\x17\x30\x74\x3d\
\x9c\x39\x33\x07\xe9\x89\xfc\x26\xf0\x69\x3a\x0d\xd8\xd7\xe4\x7e\
\x31\x9f\xc3\xee\x42\x68\x78\x08\xc6\x9e\xc6\xaf\x36\xc1\x1d\x3e\
\x7e\x79\x03\xda\x9a\x7a\x4f\xfe\x83\x27\xe0\xbc\xa2\x02\x9c\x31\
\x25\x8b\x93\x47\xfe\x41\x64\x58\x08\x26\xe5\x25\x61\xe5\xfc\xd1\
\xb8\x7a\xf9\x04\x8c\xcf\x49\x40\x4c\x64\x28\x86\x4c\x76\x59\x26\
\x50\x7a\x9b\x88\x70\x15\x6e\x3d\x7f\x0a\x5e\xfc\xc3\x12\x4c\x1f\
\x93\x22\x7b\x5f\x7f\x64\x78\x08\xa6\x8d\x49\xc1\xa5\x8b\xc7\xe1\
\xf2\xa5\x85\x18\x9d\x19\x0f\x95\x82\x60\x70\xd8\x0a\x8b\xdd\xf3\
\xc1\x56\x54\x78\x08\xe6\x4d\xca\xc4\xe5\x4b\x0b\xf1\xb7\x6b\x8b\
\x70\xdb\xca\xa9\x28\x9a\x98\x81\x84\xd8\xa3\x3b\x1a\x08\x14\xaa\
\x70\x48\x76\x13\x58\x47\x0c\xa5\xa9\xc3\x70\xce\xcc\x34\x9c\x39\
\x35\x19\xb5\xed\xc3\xe8\xd5\x73\x1b\x6c\xa6\x20\x94\x86\x5a\x75\
\x1d\x5f\xf3\x32\x28\xf0\x0e\x41\x91\x01\x00\x80\x84\xfc\xa2\x7a\
\x0a\x8c\x71\xf7\xf9\x27\x6f\x58\x80\x8b\x17\x8d\xe5\xe6\xcf\xfa\
\xdd\xad\xb8\xe9\xd9\x8d\x4c\x36\xc2\x23\xc3\xf0\xd0\xeb\xd7\x23\
\xd1\x4b\xb3\x01\x9a\x6a\xdb\xf1\xf4\x9d\xef\x31\xdf\x6b\xbf\xf9\
\xa7\x33\xb1\x84\x63\x91\xa5\xbf\xd3\xd6\x37\x8c\xb2\x9a\x2e\x94\
\xd5\x76\x61\x7b\x6d\x37\xf3\xf0\x28\x6f\x92\x14\x1b\x81\x4b\x97\
\x8c\xc3\xd5\x67\x8d\xf7\x09\xf1\x24\x4a\x29\x34\x5d\x06\xec\xae\
\xef\xc5\xde\xc6\x7e\x1c\x6c\x1f\x44\x7d\xbb\x0e\x66\xc6\x1a\x96\
\x23\x09\x55\x29\x31\x3a\x2b\x1e\xe3\x73\xd4\x18\x9f\x93\x88\x19\
\xe3\x52\x31\x31\x2f\xe9\x94\x32\x1e\x92\x6d\x08\x92\x85\x5f\xed\
\x91\x4b\x02\x56\x6f\x6e\xc5\x73\x5f\x36\xc1\xca\x27\x00\xb2\x3a\
\x14\xca\x1c\x63\xe3\x36\xdf\x6b\x49\x12\x8c\x98\xa0\x09\x00\xd4\
\xf9\x73\xd7\x01\xe4\x97\xee\x3e\x7f\xfd\xb9\x93\x71\xdf\x15\xb3\
\xb9\xf9\x63\x73\xb8\x30\xfb\xe6\xff\x62\x98\xf1\xb4\x57\x30\x31\
\x1b\x7f\x7a\xe6\x4a\x28\x94\x9e\xfd\x5f\x69\xb3\x3a\xf0\xf7\x5b\
\x56\xa1\xb7\x7d\x80\xc9\x4e\x4c\x64\x28\x76\xbe\xf2\xeb\x80\x93\
\xd8\xe5\x05\xa5\x14\xf5\x1d\x3a\x6c\xaf\xeb\x41\x55\x53\x3f\xaa\
\x34\x5a\x34\x77\x1b\x7c\x2e\xa5\x7d\x34\xa7\xe5\x27\xe1\x37\xcb\
\x27\xe0\xdc\xb9\x05\x08\x53\xf9\xb6\xdc\x08\xa5\x14\xed\xfd\x46\
\xb4\xf7\x0d\xa3\x67\xd0\x8c\xae\x81\x61\xf4\xeb\x2d\xd0\x1b\x6d\
\x30\x59\x1d\x30\x59\x1d\xb0\x1c\x31\xc0\x4b\xa1\x50\x20\x36\x2a\
\x14\x71\x91\x61\x88\x8d\x0a\x45\x42\x4c\x38\xd2\x93\xa2\x90\x95\
\x14\x83\xac\xe4\x18\x64\xa5\x44\x23\xe4\x38\x93\x18\x47\xee\x94\
\x04\xe7\x70\x0f\x20\xf1\x6d\x73\x6c\xea\x36\xe1\x92\x7f\xee\xc4\
\x30\x87\xd9\x1b\x04\xf8\xe3\xa0\xa6\xec\x59\x0e\x6e\x09\xbc\x44\
\xf0\x7c\x75\x29\x0e\x80\xc0\xed\x00\xa0\x46\xc3\x37\xd0\x0d\x0b\
\x51\x62\xc5\xec\x5c\x7c\x5c\x5c\xcf\x64\xa7\xa9\xb6\x1d\x5f\xbc\
\xb3\x05\x17\x5c\xb7\x88\x8f\x63\x23\x80\x4a\x14\xef\x3c\xb9\x8e\
\x79\xf3\x07\x80\x73\xe7\xe4\x89\xcd\xff\x04\x10\x42\x30\x2e\x3b\
\xe1\x27\xc5\x72\x26\xab\x03\xb5\xcd\x03\xa8\x6e\xd6\xa2\x4a\xa3\
\x45\x4d\x73\x3f\x5a\x7a\x86\xbd\xde\x61\x30\x21\x37\x11\x67\xce\
\xc8\xc1\x99\x33\x46\x61\x82\x1f\xb5\x74\x12\x42\x90\x93\x12\x83\
\x9c\x14\x1f\x52\x1a\x24\x0a\x28\x42\xa3\x21\x59\xf9\x76\x20\x15\
\xa4\x47\xe1\xf1\xdf\x4c\xc4\xef\x5f\xdf\xc7\x3c\x52\x84\x02\xbf\
\x05\x20\x02\x00\x3f\x26\x68\xbe\xbc\x84\xe0\x00\xcb\xef\x7b\x4d\
\xcb\x20\x24\x89\x72\x55\x7b\xbb\x70\xc1\x68\xe6\x00\x00\x00\xbe\
\xfb\xb0\x0c\x91\xd1\x61\x58\x7e\xe9\x5c\x0e\x5e\x9d\x18\x4a\x29\
\x3e\x7c\x79\x3d\x2a\x4b\x0e\x72\xb1\x77\xc1\xfc\xd1\x5c\xec\x04\
\x13\x51\xe1\x21\x98\x3d\x3e\xed\x27\xa2\x39\x46\x8b\x1d\xcd\x3d\
\xc3\x68\xed\x31\xa0\xb9\xc7\x00\x4d\x97\x01\x2d\x3d\x43\x68\xe9\
\x31\xc0\x60\x92\xa7\xa6\x20\x33\x29\x1a\x93\xf3\x93\x30\x7b\x7c\
\x1a\x96\x4d\xcf\x41\x56\xb2\x0f\x6d\xa0\x01\x80\x22\x2c\x0a\x92\
\x6d\x08\xa0\x7c\x7b\xfd\xcf\x9a\x92\x82\xab\x16\xe6\x60\x75\xb1\
\xfb\x5a\x24\x3f\x32\x29\x61\xf4\x82\x09\x83\x8d\xdb\xf6\xf3\xf0\
\x4b\xe0\x79\x82\x26\x00\x80\xa4\xd8\x0f\x85\xfb\x21\x80\xd1\x62\
\x47\x4b\xcf\x10\xd7\x7e\xf5\xd9\x85\x69\x28\xcc\x49\xc0\x81\x36\
\x36\x19\x5d\x00\xf8\xec\xcd\xcd\x90\x5c\x14\x2b\x7e\x3d\xf7\xb8\
\x33\xde\x59\x71\x49\x12\xde\x7b\xe6\x1b\x94\xad\xaf\xe2\x62\x6f\
\x42\x6e\x22\x66\x8e\x4b\xe5\x62\x2b\xd8\x89\x8e\x08\xc5\xe4\xbc\
\x44\x4c\xce\xfb\xf9\xc9\x7b\x70\xd8\x86\xd6\x1e\x03\x7a\xf5\x16\
\xf4\xeb\x4c\x18\x18\xb2\xa2\x5f\x6f\x41\xbf\xc1\x8c\x81\x21\x2b\
\xfa\x74\x66\x68\x87\xac\xb0\x1d\x35\x09\x50\xa1\x20\x48\x8c\x0b\
\x47\x6a\x5c\x14\x52\x12\x22\x91\xa6\x8e\x44\x5a\x62\x14\x26\xe5\
\x26\x62\x52\x7e\x12\x92\x18\x47\x40\x0b\x4e\x02\x51\x1e\x2a\x08\
\x74\xf0\x95\x22\x07\x80\xdb\x7f\x59\x80\xaf\x76\x77\x63\xd0\xc8\
\x36\xe9\x97\x4a\xce\xf3\x00\x88\x00\xc0\x4f\x09\x9a\x00\x20\xd2\
\x29\xed\x33\x85\x12\x27\x18\xfe\xcd\xd5\xcd\x5a\xae\x01\x00\x21\
\x04\xb7\x9c\x3f\x05\x7f\x78\x71\x33\x17\x7b\x9f\xbf\x5d\x0c\xcd\
\x81\x0e\xfc\xf6\xee\xf3\x10\x19\xc3\x57\x2f\x5d\x3f\x30\x8c\x37\
\x1e\x5b\x8b\xc6\x1a\xa6\xb1\x0a\x3f\xe1\xd6\xf3\xa7\xc8\x16\xac\
\x08\xfe\x9f\x84\x98\x30\x24\xc4\xf8\x86\x66\x84\xe0\xd4\x20\x21\
\x11\x80\x0c\x01\x40\x4c\x84\x0a\xb7\x9d\x5b\x80\x47\xd6\x1c\x60\
\xb4\x44\xce\x06\xf0\x04\x0f\x9f\x04\x9e\xc7\xb7\xab\x73\x38\xd2\
\xd1\x51\x6e\x01\x08\x53\xa4\x5a\xad\x61\x1a\x2a\x78\x4c\xce\x3e\
\x3d\x0f\x79\xe9\xb1\xdc\xec\x55\x95\x37\xe2\xd1\x9b\xde\xc4\xae\
\xcd\xb5\x5c\xee\x84\x25\x17\x45\xf1\xba\x0a\xfc\xed\xfa\xd7\xb9\
\x6e\xfe\x05\x99\xf1\x58\x3e\x2b\x97\x9b\x3d\x81\x20\x20\x09\x91\
\x6f\xf0\xd1\xa5\xf3\xb3\x90\x18\xcb\x3c\x84\x6b\x16\x26\x4e\xf4\
\xaf\x49\x5e\x82\xff\x11\x14\x3a\x00\x87\x09\x57\x67\xcf\x22\x80\
\xdb\x43\x81\x54\x3f\x4e\x80\xe3\x89\x82\x10\xa4\x25\x44\xe1\xeb\
\xed\xcd\xdc\x6c\x5a\x4c\x36\x54\x6e\x3b\x88\xda\xdd\x1a\x44\x44\
\x86\x21\x25\x2b\x01\x0a\xc5\xa9\xc5\x7a\x0e\x9b\x13\x3b\x36\xd5\
\xe0\xcd\xc7\xbf\xc0\xf6\x0d\xd5\x70\x70\xee\x9d\x7e\xf2\x86\x05\
\x47\x09\xa0\x08\x04\x82\xa3\x21\x44\x01\x6a\x37\x71\xaf\x03\x00\
\x0e\x0d\x57\xd2\x0e\xd9\xb1\x47\xc3\xa4\x74\x1a\x12\x65\x8f\xfc\
\xda\xa2\x6f\xeb\xe4\xe5\x97\xc0\x73\x04\xcd\x15\x00\x00\x10\xa0\
\x02\xc0\xb5\xee\x3e\x5f\xd3\xa2\x85\xc3\x25\xb1\xb7\xf8\x1c\xc5\
\xf2\x59\xb9\x58\x34\x35\x1b\xc5\x7b\xdb\xb9\xda\x6d\xae\xeb\xc2\
\xeb\x8f\xad\x45\x74\x6c\x04\x66\x2e\x9e\x88\x31\x93\xb3\x91\x3f\
\x3e\x13\x09\x29\x3f\xcf\x38\x50\x4a\x31\xd8\x37\x84\xa6\xda\x76\
\xec\xdf\xdd\x8c\xbd\x65\x0d\xb0\x98\xd8\xd5\xc8\x8e\xc5\xd2\xe9\
\xd9\x58\x36\x43\xf4\xfd\x0b\x04\x23\x81\xa8\x42\x41\xed\xf2\x4c\
\x3d\xbc\x68\x6e\x26\x56\x6d\x6c\x65\xb2\x41\x09\x9d\x0c\x60\x07\
\x1f\x8f\x04\x9e\x24\xa8\x02\x00\x85\xa4\xa8\x90\x14\xee\x47\xd2\
\x16\xab\x13\xb5\x9a\x01\x4c\x1d\x93\xcc\xd1\xab\x43\x3c\x7c\xcd\
\x1c\x94\xdf\xd3\xfd\xb3\x42\x2c\x1e\x18\x87\x2c\x28\xfe\x62\x37\
\x8a\xbf\xd8\x0d\xe0\x90\x80\x50\x74\x5c\x38\xa2\x63\x0e\x09\xb3\
\x98\xcd\x36\xe8\xb5\xc3\xb0\x5b\xd9\x0a\x82\x46\x42\x78\x98\x0a\
\x0f\xfd\xa6\x48\xf6\x75\x04\x82\x80\x81\xc8\xf7\x99\x1e\x93\x1e\
\x85\xb4\xf8\x70\xf4\xe8\xdd\x0f\xf6\xa9\x02\xe3\x38\xba\x24\xf0\
\x20\x41\x53\x03\x00\x00\x31\x50\xed\x03\xc0\xb4\xcb\x6d\xaf\xeb\
\xe2\xe4\xcd\x4f\x19\x95\x12\x8b\x07\xae\xe4\x27\x34\x74\x22\xac\
\x66\x1b\xb4\xdd\x06\xb4\xd4\x77\xa3\xa5\xbe\x1b\x7d\x1d\x83\x1e\
\xd9\xfc\x01\xe0\xa1\xab\xe6\x20\x3b\x85\x9f\xa4\xb2\x40\x10\xe8\
\x10\x85\xbc\x37\xb5\x53\xf3\xd9\x0a\x9b\x09\x45\x01\x27\x57\x04\
\x1e\x26\xa8\x02\x80\x96\x96\x62\x2b\x00\xa6\xa1\x40\xdb\xeb\x7a\
\x38\x79\xf3\x73\xae\x58\x36\x1e\xe7\xcf\x0b\xdc\xbf\xa5\x73\xe7\
\xe4\xe1\xb2\x25\xe2\xb0\x20\x10\x9c\x0a\x54\xe6\x00\x60\xca\x28\
\xb6\x22\x64\x0a\x88\x16\x13\x3f\x25\xa8\x02\x80\x1f\x29\x67\x79\
\x78\xf7\x81\x1e\x38\x5c\xfc\x0b\x72\x0e\xf3\xe8\xb5\x45\xc8\x0f\
\xc0\xd1\xb8\x05\x99\xf1\x78\xe2\x86\x05\xde\x76\x43\x20\xf0\x3b\
\xe4\x6e\x94\x4d\x55\xb3\x75\x1a\x50\x50\xfe\x77\xa2\x02\x8f\x10\
\x74\x01\x00\x21\x64\x0b\xcb\xf3\x66\xdb\xa1\x3a\x00\xb9\x88\x8e\
\x08\xc5\x7b\xf7\xad\x40\x46\x52\x94\x6c\x6b\x78\x9a\x54\x75\x14\
\xde\xb9\x77\x39\xa2\xc2\x43\xbc\xed\x8a\x40\xe0\x7f\x10\x79\x3f\
\xd3\xf1\x91\x6c\x7f\x97\x04\x10\x8a\x50\x7e\x4a\xd0\x05\x00\x4a\
\x97\x7d\x0b\x18\xe7\x6c\xca\x55\x07\x70\x98\xb4\x84\x28\xbc\x7d\
\xcf\x0a\xc4\x47\x87\xc9\xba\x8e\x27\x88\x89\x0c\xc5\xaa\x7b\xce\
\x42\x66\x92\xb8\xf7\x17\x08\xdc\x42\xe6\x19\x0f\x31\x11\x8c\x81\
\x39\x09\xae\x76\xf2\x40\x22\xa8\xba\x00\x00\xa0\xbf\x65\x57\x8f\
\x3a\xbf\xe8\x20\x80\x42\x77\x6d\x94\xd6\x74\xe3\xa6\xf3\xa6\x70\
\xf4\xea\xe7\x8c\xc9\x8a\xc7\xea\xfb\x56\xe0\xda\x27\xd6\xfb\xed\
\x38\xd8\xa4\xb8\x08\xac\xba\xf7\x2c\x8c\x1f\x95\x70\xf2\x1f\x16\
\x04\x3d\x7d\x3a\x33\x5a\x7a\x86\x30\x64\xb6\xc3\x62\x73\xc0\xf8\
\x63\x61\x6a\x54\x58\x08\x22\xc2\x55\x88\x8d\x0c\x45\x4e\x4a\x2c\
\xd2\x13\x03\x27\x3b\x36\x12\x28\xe5\xab\xc1\x71\x34\x26\x1b\x63\
\x01\x30\x65\x3b\x50\x09\xbc\x47\xd0\x05\x00\x87\xa0\xc5\x00\x71\
\x3b\x00\xd8\x59\xd7\x8d\x61\xb3\x1d\x31\x91\xf2\x0a\x60\x4d\xca\
\x4d\xc2\xa7\x8f\x9c\x87\x6b\x9e\xf8\x0e\xcd\x3d\x4c\x62\x1d\x1e\
\x27\x3b\x25\x1a\xef\xfc\x79\x05\xf2\xd2\xf8\x49\x27\x0b\x02\x07\
\x9d\xd1\x8a\x1d\xfb\x7b\x50\x56\xdb\x85\x2a\x8d\x16\x9a\x2e\x03\
\x8c\x96\x91\x0d\x2d\x8a\x0c\x53\xa1\x20\x23\x0e\x13\xf3\x92\x50\
\x34\x31\x03\x73\x26\xa4\x23\x29\x2e\x80\xb3\xd0\x32\x88\x00\x1d\
\x89\xc1\xc4\xda\x7a\x4c\xfd\xeb\xe3\x24\xf8\x1f\xc1\x19\x00\x10\
\xb2\x05\x14\x37\xb9\xfb\xb8\xc3\x25\xa1\xa4\xba\x13\x67\x9f\x9e\
\xc7\xd3\xab\x63\x92\x9d\x12\x8d\x35\x0f\x9d\x83\xdb\x5e\xdc\x8c\
\x9d\x32\x76\x20\xf0\x64\xce\xf8\x34\xfc\xeb\x0f\x4b\x02\xfb\xa3\
\x2c\x38\x65\x06\x87\x6d\xf8\xb2\xbc\x09\x6b\xb7\x35\xa2\xa6\x59\
\x0b\x49\x72\xef\xe0\x68\xb6\x39\x51\xdd\x3c\x80\xea\xe6\x01\x7c\
\xb8\xe9\x20\x08\x21\x18\x3f\x2a\x01\x2b\xe7\x15\x60\xe5\xbc\x02\
\x24\xc5\x47\x72\xf6\xdc\xbb\x50\x49\xde\x0c\x40\xff\xb0\x8d\xcd\
\x00\x25\x22\x00\xf0\x53\x82\xf2\xee\x26\x3a\x36\x77\x80\x2a\xe8\
\x1f\x59\x6c\x44\x84\x29\x71\xd6\xcc\x5c\x4e\x1e\x9d\x98\xc8\xf0\
\x10\x5c\xb0\x60\x0c\x14\x04\xd8\x75\xb0\x57\xee\x2b\x41\xb7\x21\
\x84\xe0\x9a\xe5\x13\xf1\xcc\xad\x8b\x10\x13\x21\xe4\xc1\x05\x87\
\xd8\xdb\xd8\x8f\x47\x56\x6f\xc7\x03\x6f\x95\x62\x53\x65\x1b\x7a\
\x75\x66\xee\xbf\xc3\xfd\x7a\x0b\xb6\x55\x77\x62\xd5\xb7\xb5\xd8\
\xd7\xd4\x8f\xb4\x84\xc8\x80\x19\x4f\x4c\x6d\xc3\x80\x24\x8f\x12\
\x20\x00\xbc\xbf\xa5\x1d\x07\x3a\x8d\x6e\x3f\x4f\x09\x76\x5a\x75\
\xed\x1f\x71\x74\x49\xe0\x21\x82\x32\x03\xa0\x6d\xdd\xd6\xad\xce\
\x2f\x3a\x00\x86\x3a\x80\xe2\x3d\x1d\x90\x24\x0a\x85\xc2\x33\xd3\
\xec\x94\x0a\x82\xdb\x2f\x9a\x8e\xd9\xe3\xd3\xf1\xc0\x5b\x25\x68\
\xee\x1e\xf2\xc8\xba\x23\x25\x3f\x23\x0e\x8f\x5d\x37\x1f\x73\x8e\
\x98\x51\x2f\x08\x6e\x76\x1f\xec\xc5\x8b\x6b\xf7\x60\x5b\x95\xe7\
\x64\xe2\x5d\x12\xc5\xe6\x3d\xed\xd8\xbc\xa7\x1d\xb3\x0a\xd3\xf0\
\x87\x0b\xa7\x62\xde\xa4\x4c\x8f\xad\x2f\x07\x54\xc6\xcd\x1f\x00\
\xaa\x5a\xd9\xbe\x25\x84\x52\x0d\x27\x57\x04\x1e\x26\x28\x33\x00\
\x00\x10\xae\xce\xce\x27\xc0\x5c\x77\x9f\xb7\xd8\x9d\x58\x38\x25\
\xcb\xe3\x05\x49\xd9\xc9\x31\xb8\x7c\xd9\x78\xa8\x63\xc2\x65\xd7\
\x24\x18\x09\x61\xa1\x2a\xdc\xb6\x72\x0a\x9e\xbb\x6d\x31\x72\x53\
\x03\xe3\xc4\x25\x60\x43\xab\x37\xe3\xc1\xb7\xcb\xf0\xe8\xea\xed\
\x68\xeb\x1d\xf6\x9a\x1f\x5d\x5a\x23\xd6\x6e\x6b\x44\x75\xf3\x00\
\xa6\x8f\x49\x41\x6c\x94\xff\x75\xd5\x50\xea\x02\xb5\xca\x97\x61\
\xef\x1a\xb4\xe2\xf9\x2f\x1b\x99\x6c\x10\x05\x59\x6d\xd1\xb5\x57\
\x70\x72\x49\xe0\x41\x82\x36\x00\x08\x4b\xc8\x76\x12\xe0\x6a\x16\
\x1b\x49\xf1\x11\x28\x9a\x98\xc1\xcb\xa5\x11\xa3\x54\x10\x4c\x1b\
\x9d\x82\x8b\x16\x8e\x01\xa5\x40\x5d\xfb\x20\x9c\x1e\x0e\x04\x22\
\xc2\x55\xf8\xcd\x59\x13\xf0\xd2\xef\x17\x63\xe9\xf4\x1c\xa8\x3c\
\x94\x09\x11\xf8\x2e\x94\x52\x7c\xf0\xc3\x41\xdc\xf8\xdc\x46\xec\
\x6b\xec\xf7\xb6\x3b\xff\xa3\xb9\xdb\x80\x0f\x8b\x0f\x22\x54\xa9\
\xc4\xd4\xd1\x29\x50\x10\x3f\xfa\x5d\x75\xda\x40\x1d\x66\xd9\xcc\
\xbf\x57\xdc\x8e\xf2\x83\x83\x4c\x36\xa8\x82\x3e\x6c\x1d\xec\xf0\
\x8f\x02\x25\xc1\x4f\xf0\xa3\xbf\x04\xce\xcc\x98\x11\xa2\xd6\x85\
\xf5\x03\x70\xbb\x4c\x3d\x3f\x23\x1e\x1b\xff\x79\x11\x47\xa7\xdc\
\x63\x60\xd8\x8a\xf7\xd6\xef\xc7\x27\x5b\x1a\xd0\xa9\x75\xff\x2e\
\x6f\x24\x64\x25\xc7\xe0\xa2\x33\x46\xe3\xca\xb3\x26\x20\x31\x46\
\xbe\x59\xe5\x02\xff\xc2\x64\x75\xe0\xde\xd7\xb7\xe1\x1b\x8e\x63\
\xad\xe5\xc0\xdf\x0a\x54\x25\x8b\x1e\x92\x4d\xbe\xeb\xbe\x15\x8f\
\x94\x41\xd3\x63\x62\x31\x61\xd5\x45\x18\xe2\x50\x5b\x3b\xb2\x16\
\x0e\x81\x4f\x11\xbc\x01\x00\x00\x75\xc1\xdc\x35\xa0\xe4\x12\x16\
\x1b\x5f\xfd\x63\x25\x26\xe4\x26\xf2\x72\x89\x09\x4a\x29\x76\x1d\
\xe8\xc5\xe7\xa5\x8d\xd8\xb2\xaf\x03\xdd\x03\x4c\x7f\xd8\xff\x23\
\x23\x29\x0a\x0b\x4f\xcb\xc6\xf9\xf3\x0a\x30\xab\x30\x15\xc4\x9f\
\x4e\x50\x02\xd9\x39\xd8\x3e\x88\x5b\x9e\xdb\xe4\x37\xad\xaa\xe9\
\x89\x51\x78\xf9\xf6\xa5\x98\x3a\xda\xf7\x15\x6c\x9d\x43\xdd\x80\
\x24\xcf\xa0\xae\xea\xd6\x21\x5c\xf4\x24\xdb\x14\x5f\x02\x6c\x1a\
\xd4\x94\x2d\xe5\xe4\x92\xc0\xc3\x04\x65\x11\xe0\x61\x28\xf0\x35\
\x01\x98\x02\x80\x2f\xcb\x35\x3e\x13\x00\x10\x42\x30\x7b\x7c\x1a\
\x66\xff\x58\x88\xd7\xdc\x63\x40\x79\x6d\x37\x6a\x9a\xb5\xd0\x74\
\x1b\xa0\xe9\x34\x9c\x54\x54\x28\x29\x36\x02\xf9\x99\x71\xc8\x4f\
\x8f\xc3\xe4\xfc\x24\xcc\x9d\x98\x81\xdc\x54\xb6\x61\x21\x82\xc0\
\x65\xd7\x81\x1e\x5c\xf7\xf4\x86\x11\xf7\xf0\xfb\x02\xdd\x03\x26\
\xfc\xfa\x91\xaf\xf0\xc2\x1f\x96\xe0\xac\x99\xa3\xbc\xed\xce\x71\
\xa1\x92\x53\xb6\xcd\x1f\x00\xbe\xdc\xc5\x21\x6b\x4f\xe9\xb7\xec\
\x46\x04\xde\x22\xa8\x8f\x72\x31\x63\x17\x25\xa9\x9c\xf6\x1e\x30\
\xd4\x42\x64\x26\x45\x63\xeb\x0b\x97\xf8\xcd\xa9\xd8\x6c\x73\xc2\
\x60\xb4\xc1\x6c\x75\xc0\x74\x58\x69\x2d\x3c\x04\x51\x11\x21\x88\
\x8d\x0a\x43\x64\x58\x50\xc7\x84\x82\x53\xa0\x7c\x7f\x37\x7e\xf7\
\xf4\x7a\x98\x6d\xf2\x56\xa9\xcb\x85\x4a\x41\xf0\xe4\x8d\x67\xe0\
\x82\x05\xa3\xbd\xed\xca\x31\x91\x6c\xc3\x90\x2c\x3a\x59\x6c\xbb\
\x24\xe0\x8c\xfb\xb7\xa0\xdf\xc0\x16\xb8\x11\x85\x72\xe2\x60\xe3\
\xb6\xfd\x9c\xdc\x12\x78\x98\xa0\xfe\xda\x0f\xd7\x17\x6b\xd5\xf9\
\x45\x3b\x00\x14\xb9\x6b\xa3\x53\x6b\x44\x65\x43\x1f\x66\x8c\x4d\
\xe5\xe8\x99\x7c\x44\x86\xa9\xc4\x26\x2f\x60\x66\xeb\xbe\x0e\xdc\
\xf8\xcc\x06\xd8\x9c\xde\xed\x42\x61\xc1\x29\x51\xdc\xf3\xda\x56\
\x84\xa8\x14\xf8\xc5\xdc\x7c\x6f\xbb\xf3\x33\xe4\x2c\xfe\xdb\x7e\
\x70\x90\x79\xf3\x07\xc5\x1e\xb1\xf9\xfb\x37\x41\x37\x0c\xe8\x68\
\x08\xa5\x6b\x59\x6d\x7c\x59\xde\xc4\xc3\x15\x81\xc0\x2f\x68\xe8\
\xd0\xe3\xf7\x2f\x6e\xf6\xeb\xcd\xff\x30\x2e\x89\xe2\x4f\xff\xde\
\x8a\xf2\xfd\xdd\xde\x76\xe5\x27\x50\xc9\x01\xea\x64\x54\xe8\x3b\
\x01\x5f\xee\x62\x1f\x68\x46\x08\xde\xe3\xe0\x8a\xc0\x8b\x04\x7d\
\x00\x00\x45\xc8\x1a\x00\x4c\x5f\xb2\x6f\xb6\xb7\xc0\xe9\xa6\xac\
\xa9\x40\xe0\x4f\xf4\xeb\x2c\xf8\xed\x53\xdf\x61\xd8\xec\x3f\x77\
\xfe\x27\xc3\xee\x74\xe1\xb6\xe7\x37\xf9\x94\xb8\x16\xb5\xcb\x77\
\xfa\xb7\x39\x24\xac\xdf\xcb\xdc\xa6\xe9\x52\x38\xc8\x87\x3c\xfc\
\x11\x78\x8f\xa0\x0f\x00\x06\x9b\xb6\xb6\x03\x28\x65\xb1\xa1\x35\
\x58\xb0\x79\x4f\x1b\x27\x8f\x04\x02\xdf\xc4\x25\x51\xdc\xf2\xc2\
\x0f\xe8\xd2\xf2\xe9\x2e\xf1\x25\x74\x46\x2b\x6e\x79\xfe\x07\x9f\
\xc9\x6a\x48\x32\xa6\xff\x37\x55\xf5\xc3\x68\x65\xab\xdb\x20\x40\
\xb1\xb6\xbd\x54\xde\xb9\xe8\x02\xd9\x09\xfa\x00\xe0\x47\x98\x23\
\xd9\x0f\x37\x1d\xe4\xe1\x87\x40\xe0\xb3\xbc\xba\x6e\x1f\x2a\xea\
\x7b\xbd\xed\x86\x6c\x1c\x6c\x1f\xc4\x33\x6b\x76\x7b\xdb\x0d\x50\
\x97\x1d\x70\xc9\x57\xfd\xff\x71\x39\x0f\x69\x66\xfa\x5f\x0e\x46\
\x04\x5e\x46\x54\x83\x01\x70\x28\x94\x1f\x87\x48\xae\x17\xc0\xf0\
\x3e\xb6\xec\xeb\x40\xa7\xd6\x88\xcc\xa4\x68\x8e\x9e\x09\x78\x62\
\xb1\x3a\x50\xdd\x3c\x80\xfd\x6d\x03\x38\xd8\xa6\x43\xa7\x76\x18\
\xdd\x83\x66\x68\xf5\x66\x38\x5d\x14\x26\xab\xe3\x50\x91\x64\x78\
\x08\x22\xc3\x54\x48\x4d\x88\x42\x5e\x7a\x2c\x72\xd3\xe2\x30\x36\
\x33\x1e\x33\xc6\xa5\x21\x2e\x2a\x38\x87\x1c\xd5\xb4\x68\xf1\xaf\
\x4f\xf7\x78\xdb\x0d\xd9\x59\xf5\x6d\x0d\x16\x4f\xcb\xc6\xdc\x09\
\xe9\x5e\xf3\x81\xda\xe5\xcb\xb0\xb4\x6b\x2d\x28\xab\x63\x53\xfe\
\x03\x60\x95\xa4\xb0\xcf\x78\xf8\x23\xf0\x2e\xfe\xd1\xbb\xe6\x01\
\xd4\xf9\x45\xdf\x03\x38\x8b\xc5\xc6\xed\x17\x4d\xc3\xed\x17\x4d\
\xe7\xe4\x91\x80\x07\xad\x7d\x43\xf8\x76\x7b\x33\xb6\xee\xeb\x40\
\x65\x43\x3f\xec\x4e\xf7\x47\xab\x2a\x14\x04\xe3\xb3\x13\x30\x67\
\x62\x3a\xce\x39\x3d\x0f\xd3\xc6\xa4\x70\xf4\xd4\x77\xa1\x94\xe2\
\x82\x87\xbe\x44\x55\x93\xef\xc8\xfb\xca\x49\x7e\x46\x1c\xbe\x7d\
\xf2\x42\x84\x28\xbd\x90\x20\xa5\x14\xae\xe1\x4e\x50\x49\x9e\xab\
\x88\xa7\xd7\x36\xe0\x8d\x0d\x2d\x4c\x36\x28\xf0\xa9\x5e\x53\xf6\
\x2b\x3e\x1e\x09\xbc\x89\xc8\x00\xfc\x08\x05\x3e\x24\x8c\x01\xc0\
\x9a\xcd\xf5\xb8\xed\x82\x69\x50\x0a\x5d\x7c\xaf\x62\xb3\x3b\xb1\
\xb6\xa4\x09\x6b\x36\x1f\xc4\x3e\x8e\x9b\x96\x24\x51\xd4\xb6\x0e\
\xa0\xb6\x75\x00\x6f\x7d\x53\x83\x51\x29\xb1\x58\xb9\xa0\x00\x97\
\x2d\x19\x87\x54\xb5\x67\x87\x42\x79\x92\x2f\xcb\x34\xb2\x6f\xfe\
\x84\x10\xa4\xe6\xe6\x20\x67\xc2\x38\x24\x65\x67\x22\x36\x29\x11\
\x11\x11\x11\x90\x28\x85\x65\xd8\x08\x8b\xd1\x84\xbe\xd6\x36\xb4\
\xee\x3f\x80\xbe\xd6\x76\x48\x32\xce\xbe\xd0\x74\x19\xf0\xe1\x0f\
\x07\x70\xd5\x59\x13\x64\x5b\xe3\x78\x50\x87\x59\xb6\xcd\xdf\xee\
\x92\xf0\xd9\x76\x1e\xd7\xf6\x44\xa4\xff\x03\x04\xb1\x53\xfd\x88\
\x3a\x7f\x46\x1c\x10\xd6\x0d\x80\x49\x24\xfc\xcd\x3f\x9d\x89\x25\
\xd3\x73\x38\x79\x25\x38\x15\x86\xcd\x76\xac\xfa\xb6\x06\xab\xbf\
\xaf\x83\xce\x68\xf5\xd8\xba\x61\x2a\x05\x56\x2e\x18\x83\x1b\x7e\
\x39\x19\x79\x69\x6e\x8f\x96\xf0\x49\x6c\x0e\x17\x96\xfd\xf1\x13\
\xd9\x66\x4c\xa4\xe4\x64\x63\xc6\x8a\x25\x98\xb2\x68\x3e\xa2\xe2\
\xe3\x47\xf4\x8c\xc5\x68\x42\x55\x71\x09\xf6\xac\xdf\x84\xce\x46\
\x79\x26\xd1\x26\xc6\x84\x63\xd3\x73\x17\x23\x26\xd2\xb3\x57\x3e\
\x2e\x63\x1f\xa8\x53\x9e\xdf\xdd\xaf\x76\xf7\xe0\xae\x55\xd5\xac\
\x66\x0c\x71\x52\x68\x5a\x4b\x4b\xb1\xe7\xfe\xc0\x04\xb2\x11\xb4\
\xd3\x00\x8f\xc6\xaa\xeb\xb6\x45\xc4\xe7\x8c\x05\xc1\x14\x16\x3b\
\x43\x66\x07\xce\x9f\x57\xc0\xcb\x2d\xc1\x08\x70\xb8\x24\xbc\xfd\
\x6d\x0d\x6e\x7b\x61\x33\x8a\xf7\x75\xc0\x6a\xf7\xac\x32\x9d\x4b\
\xa2\xa8\x6d\x19\xc0\xfb\x1b\xea\xd0\xa7\x33\x63\xfa\xd8\x54\x84\
\x87\x06\x46\x72\xed\xa3\xe2\x7a\x7c\x51\xca\x5f\xe7\x22\x29\x3b\
\x13\x2b\x6f\xbf\x09\xe7\xdc\xf4\x5b\xe4\x8c\x1f\x87\xd0\xf0\x91\
\x0f\x96\x0a\x09\x0d\x45\xd6\xd8\xd1\x98\x79\xf6\x99\xc8\x9d\x34\
\x01\xbd\x2d\xad\x30\xea\xf4\x5c\xfd\xb3\xd8\x9d\x88\x89\x08\xc5\
\xac\xc2\x34\xae\x76\x4f\x04\x95\x9c\x90\xac\xf2\x28\xff\x01\xc0\
\x23\x6b\x0e\xa0\x73\x90\x6d\xdf\xa6\xa0\xef\xf7\x34\x97\x88\xfb\
\xff\x00\x41\x04\x00\x47\x10\x91\x30\x4a\x0b\xd0\x6b\x59\x6c\xb4\
\xf6\x0e\xe3\xdc\x39\x79\x48\x88\x15\x93\xf2\x3c\xc1\x9e\x86\x3e\
\x5c\xff\xf4\x06\x7c\x5e\xd2\xe8\xf1\x8d\xff\x68\x28\x05\xaa\x9b\
\xb5\xf8\x68\x73\x3d\xe2\xa2\xc2\x30\x31\x37\xd1\x6f\x24\xa2\x8f\
\x05\xa5\x14\x77\xbf\xba\x15\x83\x43\xfc\x0e\x7b\x0a\xa5\x02\x8b\
\x2f\xff\x15\x2e\xbe\xe7\x76\xa4\x8c\xca\x66\x7e\x3f\xea\xb4\x14\
\xcc\x5c\xb1\x0c\x51\xf1\xf1\xd0\xec\xab\xe6\x7a\x35\xa0\xe9\x36\
\xe0\xea\x15\x13\x3d\x36\x3e\x98\xda\x86\x64\x13\xff\x69\xec\x31\
\xe1\xe9\xcf\x1b\x98\xed\x28\x25\xe5\x2d\x16\x7d\x1b\x8f\x36\x02\
\x81\x0f\x20\x02\x80\x23\xb0\xea\xda\xda\x22\xd4\x59\x97\x00\x84\
\x69\x4c\x98\xdd\x29\x61\xd9\x0c\x71\x0d\x20\x27\x4e\x89\xe2\xc5\
\xcf\xf6\xe0\xee\x57\xb7\xa2\xdf\x70\xe2\x01\x47\x9e\xc6\x6a\x77\
\xe2\x87\xca\x36\x54\xd4\xf7\xe1\x8c\xc9\x19\x88\x0c\x0f\xf1\xb6\
\x4b\x6e\x51\x56\xdb\x8d\x37\xbf\xae\xe1\x66\x2f\x32\x26\x06\x57\
\xfe\xed\x3e\x4c\x5b\xb6\x08\x0a\x05\xbf\x02\x3b\x42\x08\xb2\xc6\
\x8e\xc6\xd8\x59\xd3\xd0\xb4\xa7\x0a\x56\x23\x9f\x2a\x7a\xa3\xc5\
\x81\xb1\x59\x6a\x8c\xcd\x52\x73\xb1\x77\x22\x28\x28\xa8\x69\x10\
\x80\x3c\x82\x62\x4f\x7f\xde\x88\xfd\xed\xc3\x8c\x56\x48\xd5\x60\
\x73\xe9\x03\x5c\x1c\x12\xf8\x04\x42\x07\xe0\x28\x08\xc8\x5b\xac\
\x36\x3e\xdf\xd6\x00\xad\x5e\x3e\x21\x8f\x60\x47\xab\x37\xe3\xb2\
\xbf\x7d\x8d\x17\x3e\xdd\x03\x97\x0f\x2b\x30\x96\xd6\x74\xe2\x97\
\xf7\xaf\xc3\xce\x3a\x0e\x53\xd7\xbc\xc0\x1a\x8e\xda\x16\xb1\x89\
\x09\xb8\xfe\xe9\x47\x90\x37\x59\xbe\xc2\xba\x8c\x82\x7c\xdc\xf0\
\xec\x3f\x90\x9c\x93\xc5\xcd\xe6\x87\x9b\x0e\x70\xb3\x75\x22\xa8\
\xdd\x04\x4a\xdd\xef\x50\x39\x11\xda\x21\x1b\xbe\xdc\xc5\x45\xea\
\xf8\xdf\x3c\x8c\x08\x7c\x07\x11\x00\x1c\x85\x23\xd4\xf9\x1f\x00\
\x4c\x39\x4f\x9b\x53\xc2\x7b\x1b\x3d\xf3\xe1\x08\x36\x0e\xb6\x0f\
\xe2\x82\x87\xbe\x44\x65\x83\x7f\x08\xd2\xf4\xea\x4c\xb8\xf2\xef\
\xdf\xe0\xe3\xe2\x7a\x6f\xbb\x72\x4a\xd8\x9c\x12\x36\xef\x6d\xe7\
\x62\x2b\x32\x26\x06\xd7\xfc\xfd\x41\xae\x1b\xf3\xf1\x88\x8e\x8f\
\xc3\x75\x4f\x3c\x8c\xa4\xec\x4c\x2e\xf6\x76\xec\xef\xc6\xe0\xb0\
\x7c\x9a\xfc\x87\xa1\x36\x79\x8a\x2c\x01\xe0\xed\x1f\xda\x60\x77\
\x30\x5f\x8d\x18\x89\xc2\x29\xaa\xff\x03\x0c\x11\x00\x1c\xc5\xf0\
\x81\x9d\x03\x00\x3e\x67\xb5\xb3\x7a\xfd\x7e\x58\xac\xf2\xa9\x79\
\x05\x23\x15\xf5\xbd\xb8\xf8\xaf\x5f\xcb\x56\x91\x2e\x17\x4e\x89\
\xe2\xcf\x6f\x94\xe0\xb5\x2f\xab\xbc\xed\xca\x88\x29\xad\xea\xf8\
\xdf\xb8\x68\x16\x14\x4a\x05\x2e\xbd\xff\x8f\x1e\xd9\xfc\x0f\x13\
\x15\x1f\x8f\xcb\xef\xff\x13\x42\xc2\xc2\x98\x6d\x39\x25\x8a\xe2\
\xbd\xf2\xca\x7c\x53\xa7\xf5\x90\xfa\x9f\x0c\x98\x6c\x2e\xac\x29\
\xed\x60\x37\x44\xf1\xdf\xc1\xc6\x1d\xbe\x33\x2c\x41\xc0\x05\x11\
\x00\x1c\x03\xaa\x50\xbc\xc6\x6a\x43\x6f\xb4\x61\x6d\x89\x98\x12\
\xc8\x8b\x9d\x75\x3d\xb8\xfa\xf1\xef\x60\xb4\xf8\xe7\x10\x1a\x4a\
\x29\x9e\xfc\x60\x17\x5e\xfe\x7c\xaf\xb7\x5d\x19\x11\x1b\x2b\xf9\
\x6c\x7a\x0b\x2e\x5e\x89\xfc\xd3\x26\x72\xb1\x75\x2a\x24\xe7\x64\
\xe1\xec\x1b\x7e\xc3\xc5\xd6\xc6\x0a\x79\x03\x00\x49\xc6\xd3\xff\
\x87\x5b\xdb\x31\x64\x66\x2f\x8e\x95\x94\x12\xf3\x37\x51\xe0\x7b\
\x88\x00\xe0\x18\xe8\x1b\x4b\x8a\x41\xc1\xac\x7b\xfa\xca\xba\xbd\
\x4c\xca\x73\x82\x43\x34\x74\xe8\x71\xc3\xb3\x1b\x60\xb6\x79\xb7\
\xca\x9f\x07\xcf\x7c\x54\x81\xd5\xdf\xd7\x79\xdb\x8d\x93\x52\xd9\
\xd0\xc7\x6c\x23\x31\x3d\x0d\x8b\x2e\xf3\x9e\x60\xdc\xac\xb3\xcf\
\xe2\x12\x7c\xf0\x78\x17\xc7\x83\x4a\x0e\x50\x87\x3c\x45\xac\x0e\
\x17\xc5\xea\x62\xf6\xe0\x85\x02\xbb\x0c\x8d\xdb\x2b\x39\xb8\x24\
\xf0\x31\x44\x00\x70\x7c\x9e\x65\x35\xd0\xa5\x35\xe1\x93\x2d\xec\
\xad\x37\xc1\x4c\x9f\xce\x8c\xab\x9f\xf8\x0e\x43\x26\xff\x3c\xf9\
\x1f\x8b\x47\xdf\x2d\xc7\x0f\x95\x7c\xee\xd7\xe5\xc0\x6c\x73\xa2\
\xa9\x93\xbd\xaf\x7e\xd9\xd5\x97\x43\x15\xea\xdd\x0e\x88\xa5\xbf\
\xb9\x8c\xd9\x46\x9f\xce\x8c\x9e\x41\x79\xf4\xf9\xa9\x75\x18\x72\
\x55\xfe\xaf\x2d\xef\x42\xb7\x8e\x43\xfd\x02\xc5\x8b\xec\x46\x04\
\xbe\x88\x08\x00\x8e\x83\x2e\xc1\xb6\x06\x00\xf3\x57\xfa\x95\x2f\
\x44\x16\xc0\x5d\x9c\x12\xc5\xef\x5f\xdc\x2c\xdb\xc7\xd7\x5b\xb8\
\x24\x8a\x3b\x5e\xda\xec\x53\xf3\xe7\x8f\xa4\x46\xa3\x65\xee\xae\
\x48\xcc\x4c\xc7\x84\x79\xa7\x73\xf2\xc8\x7d\x72\x26\x14\x62\xf4\
\x74\x26\x6d\x2f\x00\xe0\x2a\x29\xfd\x3f\x24\xa7\x6c\x83\x7f\xec\
\x2e\x09\xaf\xae\xe7\xa2\x92\xd8\xa1\x4f\xb0\x31\x4f\x4b\x15\xf8\
\x26\x22\x00\x38\x1e\x15\x15\x0e\x00\x2f\xb3\x9a\x11\x59\x00\xf7\
\x79\xfa\xc3\x5d\xd8\x75\xc0\x3f\x5b\xe8\x4e\x86\xc9\xea\xc0\x9d\
\xaf\x14\xfb\x64\x70\xd8\xd8\xc5\x7e\xfa\x9f\xb9\x7c\x29\x14\xde\
\x18\xa6\x73\x0c\x66\x9c\xb5\x84\xd9\x86\xa6\xcb\xc0\xc1\x93\x9f\
\x22\xd9\x86\x41\x65\x3a\xfd\xaf\xd9\xd6\x89\x0e\x2d\xbb\x80\x13\
\x01\x79\xf6\xc7\x6f\xa1\x20\x00\xf1\x8d\xbf\x50\x1f\x85\x4a\xa1\
\xaf\x01\x60\xae\xd0\x79\xf9\xf3\xbd\xb0\x39\xe5\x1b\x5e\x12\x88\
\x54\xd4\xf7\xe2\xad\x6f\xf8\x89\xd0\xf8\x22\x55\x4d\xfd\x78\xee\
\x63\xdf\xbb\x5a\xed\xd3\xb1\x6b\x58\x4c\x5e\x38\x9f\x83\x27\x7c\
\x18\x3b\x7b\x3a\x54\x61\x6c\x9a\xfe\xbd\x7a\xce\x27\x75\xea\x92\
\xad\xf8\xcf\xee\x90\xf0\xfa\xf7\xcd\x3c\x4c\x19\x28\xac\xab\x78\
\x18\x12\xf8\x26\x81\x21\x58\x2e\x13\xfa\x96\x62\x7d\x42\x5e\xd1\
\x2a\x4a\xf0\x07\x16\x3b\xdd\x03\x26\x7c\x52\x7c\x10\x57\x2c\x1b\
\xcf\xcb\xb5\x80\xc6\xe6\x94\x70\xef\xeb\x25\x90\x64\x12\xf9\x09\
\x0b\x51\xe0\xf4\x69\x6a\xcc\x9a\xa4\xc6\x8c\xc9\xf1\xc8\x4c\x8d\
\x80\x3a\x2e\x04\xf1\x31\x21\xb0\x3b\x24\x18\x4d\x4e\xb4\x74\x99\
\x71\xa0\xc9\x88\x1d\xfb\x74\xd8\xb2\xa3\x1f\x83\x06\x79\x0e\x41\
\xab\xbe\xa9\xc1\x85\x0b\xc6\x60\x4c\xd6\xc8\x06\xe1\x78\x82\x1e\
\x1d\xdb\x66\x97\x94\x95\x81\xb8\xe4\x44\x4e\xde\xb0\x13\x1a\x1e\
\x8e\x82\x29\x93\x71\x70\x67\x85\xdb\x36\x7a\x07\xf9\x16\xea\x49\
\x56\x23\xe4\xba\xfb\x7f\x6f\x4b\x3b\x7a\x0d\x3c\xb4\x0b\xc8\xbf\
\x75\x9a\x0a\xfe\xa9\x0f\x81\xcf\x20\x02\x80\x93\xe0\x0a\x51\xbc\
\xa0\x70\x4a\xb7\x80\xf1\x5d\xbd\xf0\xd9\x5e\x5c\xb0\x60\x0c\x22\
\xc3\xc4\x2b\x3f\x19\xff\xf9\xae\x16\x1a\x0e\x69\xe8\xa3\x19\x93\
\x1b\x8d\x2b\xcf\xcf\xc2\x45\x2b\x32\xa0\x8e\x3d\xf6\x89\x30\x42\
\xa9\x44\x44\xb8\x12\xc9\x89\x61\x98\x35\x59\x8d\xab\x56\x66\xc3\
\xe1\x94\xb0\x65\x87\x16\x6f\x7e\xdc\x86\x6d\xbb\xb4\x5c\x7d\x72\
\xb8\x24\x3c\xfc\x76\x29\xde\x7f\xe0\x1c\x9f\x99\x1b\xa0\x35\xb0\
\xa5\x8e\x73\x0a\xc7\x72\xf2\x84\x1f\x19\x05\x79\x4c\x01\x40\xbf\
\x9e\x63\x00\x40\x25\x48\x76\x56\x59\xde\x63\x63\xb6\xb9\xf0\xfa\
\x7a\x2e\xa7\x7f\x9b\xd2\xa5\xf8\x17\x0f\x43\x02\xdf\x45\x5c\x01\
\x9c\x04\x43\x7d\x89\x86\x50\xfa\x3e\xab\x1d\xad\xde\x8c\xd7\xd6\
\xf9\x8f\x10\x8c\xb7\xd0\x19\xad\x78\xe5\x0b\xbe\xbd\xf2\x49\xea\
\x50\x3c\x75\xef\x44\xfc\xb0\x7a\x1e\xae\xbf\x24\xf7\xb8\x9b\xff\
\xf1\x08\x51\x29\xb0\x6c\x5e\x0a\x3e\x7c\x7e\x26\xbe\x7c\x6d\x0e\
\xa6\x14\xf2\x1d\xf9\xbb\xbd\xae\x07\xdf\xef\x6a\xe5\x6a\x93\x05\
\x27\xe3\x75\x15\x2f\x15\x3e\x9e\xa4\x8c\x62\x9b\xcd\xe1\x92\xf8\
\x5d\xe1\x49\x56\x03\x40\xe5\xb9\x12\x7c\x7b\x53\x2b\x06\x8d\xec\
\xd9\x2a\x0a\xfa\x9e\xb6\x75\x1b\x17\xfd\x60\x81\xef\x22\x02\x80\
\x11\xe0\x54\xe0\x31\x00\xcc\x4d\xe8\x6f\x7c\x53\x1d\x70\x15\xed\
\xbc\x79\xeb\x9b\x1a\xae\x2d\x7f\xe7\x2e\x4e\x43\xc9\x87\x0b\x70\
\xc5\x79\xd9\x50\x2a\xd9\x4f\xd8\xd3\x27\xc5\xe3\xab\x37\xe6\xe0\
\xbe\x9b\xc7\x42\xc5\xc1\xde\x61\x5e\x5e\xbb\x17\x94\xfa\xee\x5c\
\x83\x53\x21\x36\xc9\x77\xd2\xff\x87\x51\xa7\x32\xcd\xf7\xe2\x97\
\xac\xa7\x2e\x48\x32\x55\xfe\xf7\xe9\x6d\x78\x63\x7d\x0b\x0f\x53\
\x2e\x15\x55\x3c\xcd\xc3\x90\xc0\xb7\x11\x01\xc0\x08\x18\x6a\x2a\
\x6f\xe4\x91\x05\xb0\xda\x9c\x78\xe6\xa3\xdd\x3c\x5c\x0a\x48\x2c\
\x56\x07\xfe\xcb\x69\x86\x82\x52\x49\xf0\xf0\xef\x0b\xf1\xda\xa3\
\x53\x10\x13\xcd\xb7\x17\x5d\xa1\x20\xb8\xf5\xca\x7c\xac\xf9\xd7\
\x2c\xc4\xc5\xf0\xb1\x5d\xdb\x3a\x80\x6d\xd5\x81\x31\x65\x35\x2c\
\x22\xc2\xdb\x2e\xfc\x0c\x65\x08\xe3\xff\x27\x4e\xc1\x99\x9c\xa7\
\xff\x7f\x7e\xd1\x00\xb3\x8d\xbd\xab\x84\x50\xfa\x9e\xb6\xb9\x94\
\xdf\x24\x28\x81\xcf\x22\x02\x80\x11\xe2\x52\x92\x47\xc1\x21\x0b\
\xb0\xb6\xa4\x09\xd5\xcd\x03\x1c\x3c\x0a\x3c\x3e\xdd\xd6\x08\xbd\
\x91\xbd\x78\x49\xa1\x20\x78\xe6\xbe\x49\xb8\xe1\xb2\x5c\x59\xef\
\xd5\xe7\x4c\x4d\xc0\xda\x57\x4e\x47\x62\x3c\x5b\x85\xf9\x61\x5e\
\xff\xb2\x9a\x8b\x1d\x6f\x43\x65\xda\xe0\x58\x50\xaa\xd8\x26\x9f\
\xf3\xc8\xce\x50\xc9\x29\xdb\xe9\xbf\xa6\x6d\x18\xeb\x76\x72\x69\
\x99\x75\xfc\xf8\xad\x13\x04\x01\x22\x00\x18\x21\x86\xc6\xb2\x26\
\x02\xbc\xc7\x6a\x47\x92\x28\x9e\x78\x7f\x07\x0f\x97\x02\x8e\x4f\
\xb6\xf0\x99\x98\xf7\xf7\xbb\xc6\xe3\xe2\x15\x9e\xb9\x87\x1e\x97\
\x1f\x8d\x77\xff\x39\x03\x91\x11\x6c\x1b\x0c\x00\x6c\xaf\xeb\x46\
\x97\xd6\xff\xaf\x88\x2c\x43\xbe\x37\xac\xc9\x6a\x66\x2b\xe2\x23\
\x0a\xf6\x4f\xa5\x64\xd1\x73\xcb\x24\x1c\x09\xa5\x14\x8f\xae\xa9\
\x83\xc4\xc3\x36\xc5\xdb\x86\xc6\x32\x31\xc4\x24\x48\x10\x01\xc0\
\x29\xe0\xe2\x54\x0b\x50\xbe\xbf\x1b\x5f\x6f\xe7\x52\xa9\x1b\x30\
\x34\x74\xe8\x51\xa5\x61\xaf\xb0\xbf\xec\xdc\x4c\xfc\xe6\x02\xb6\
\x82\xaf\x53\x65\xca\xf8\x38\x3c\x71\x37\xbb\xe6\xbc\x24\x51\xac\
\x2b\xf7\xfe\xb7\x97\x35\x69\x62\x1e\x96\xa7\xc2\x9d\x05\x43\x1f\
\xdb\xef\x16\x73\x1e\xc9\x69\x03\x75\xb0\xeb\x2b\x1c\x8b\x2f\x77\
\xf5\x62\x4f\x33\x97\x6e\x3d\x3b\xa5\xd2\xe3\x3c\x0c\x09\xfc\x03\
\x11\x00\x9c\x02\x86\xc6\xb2\x26\x0a\xac\xe6\x61\xeb\xd1\x77\xb7\
\xfb\xed\x64\x3b\x39\xf8\x6e\x17\x7b\x40\x94\x97\x15\x89\x47\xee\
\x9c\xc0\xc1\x9b\x53\xe7\xa2\xe5\x19\x58\x79\x66\x3a\xb3\x9d\x75\
\xa5\xde\x0f\x00\x14\x0a\xb6\xed\xae\xb7\xd5\xf7\xe6\x1c\xe8\x7a\
\x7b\x99\x9e\x67\x7b\x27\x14\x2e\x8b\x8e\x69\xfd\xe3\x61\xb1\xb9\
\xf0\xcf\xcf\x39\x29\x8d\x12\xfa\xba\xbe\x65\x7b\x0b\x1f\x63\x02\
\x7f\x40\x04\x00\xa7\x88\xca\x41\x1e\x04\x28\x73\x9e\xb6\x4f\x67\
\xc6\xb3\x1f\xf9\x9e\x0a\x9c\xb7\xd8\xbc\x97\x7d\xd3\x78\xf4\xce\
\x09\x88\xe2\x90\x8a\x77\x97\x87\x6e\x2d\x44\x74\x24\x9b\xce\xc3\
\x81\xb6\x41\xf4\xeb\xe4\x99\x0e\x37\x52\x92\x62\xd9\x8a\xf8\xda\
\x6a\xf9\x14\x72\xf2\xa4\xa5\x66\x3f\xd3\xf3\xc9\x71\xee\xbf\x13\
\x6a\x37\x83\xba\xe4\x09\xf6\x9f\xff\xaa\x09\x3d\x7a\x76\xc9\x5f\
\x00\x56\x85\x12\x4f\xf0\x30\x24\xf0\x1f\x44\x00\x70\x8a\x68\xdb\
\x4b\xbb\x08\xf0\x0c\x0f\x5b\xef\x6e\xd8\x2f\x0a\x02\x01\x0c\x99\
\xec\xa8\x6e\x62\x4b\xd1\x4e\x9b\x18\x87\xc5\x73\x92\x38\x79\xe4\
\x1e\xa9\xc9\x61\xf8\xed\xaf\xd8\xaf\x1f\xb6\xd7\x75\x71\xf0\xc6\
\x7d\x52\xd5\x91\x4c\xcf\x0f\xf6\xf4\x62\x48\xeb\x3b\xbf\xd7\x4e\
\x87\x13\xcd\xd5\x6c\x01\x40\x8a\xbb\xef\x84\x52\xb8\xac\xf2\x88\
\xe9\xd5\xb4\x0d\xe3\xdd\xcd\xec\xe3\x7e\x7f\xe4\x85\x81\xfa\xf2\
\xc0\x68\x43\x11\x8c\x18\x11\x00\xb8\x81\x32\x22\xec\x69\x00\xcc\
\x22\x19\x2e\x89\xe2\x81\x37\xb7\x31\x4f\x5e\xf3\x77\xaa\x9b\xfb\
\x99\xdf\xc1\x1d\x57\x17\x70\xf2\x86\x8d\xeb\x2f\x1e\x85\x50\x15\
\xdb\x9f\xd5\xf6\xfd\xde\x1d\x80\x94\x96\x10\xc5\x6c\x63\xef\xa6\
\xad\x1c\x3c\xe1\x43\xd3\x9e\x7d\x70\x58\xd9\xba\x4b\xd2\xd4\xee\
\xbd\x13\xc9\x66\x00\x24\xe6\xb2\xa1\x9f\xe1\x92\x80\x87\xfe\x5b\
\x0b\x27\x87\x6f\x07\x01\xfa\x00\x9b\xb8\xfb\x0f\x42\x44\x00\xe0\
\x06\xfd\xb5\xc5\x46\x42\xc9\x43\x3c\x6c\x55\x37\x0f\xe0\xfd\x0d\
\xbe\x97\x32\xf5\x24\x55\x8c\xa7\xff\xc4\xf8\x50\x2c\x9a\xc3\x26\
\xf4\xc2\x8b\xa4\x84\x30\x2c\x9e\xcb\x96\x89\xa8\x6d\xe1\x2b\x37\
\x7c\xaa\xe4\xa6\xc7\x32\xdb\xa8\x5c\xbf\xd9\x67\x84\x8d\xca\xbf\
\xf8\x86\xd9\x46\x6e\xda\xa9\xbf\x13\x2a\x39\x20\x59\xe5\x29\x88\
\x7c\xe7\x87\x16\xd4\xb4\x71\xb2\x4d\xc9\x7d\x42\xf3\x3f\x38\x11\
\x01\x80\x9b\x0c\x36\x97\xae\x02\xc5\x1e\x1e\xb6\x9e\x5c\xb3\x13\
\x2d\xbd\xbe\x39\x1b\xde\x13\x34\x74\xb2\xe9\xfe\xaf\x38\x23\x95\
\xab\x2a\x1f\x2b\xe7\x2e\x4e\x63\x7a\x5e\xd3\xed\xdd\xdf\x85\xc9\
\x79\x49\xcc\x85\x80\x03\x5d\xdd\xa8\x2b\xdf\xc9\xc9\x23\xf7\xe9\
\x6d\x6d\x83\x66\x2f\xbb\xbe\xc2\x94\xd1\xa7\x1e\x60\x4a\x16\x1d\
\xe4\x18\xf8\xd3\x39\x68\xc5\x8b\xdf\x68\xf8\x18\xa3\xd8\x33\xd8\
\x5c\xfa\x36\x1f\x63\x02\x7f\x43\x04\x00\xee\x23\x11\xe0\xcf\x3c\
\x0c\x59\xac\x4e\xfc\x45\xc6\xe9\x77\xbe\x4e\x7b\x1f\xdb\x49\x66\
\x49\x91\x77\xef\xfe\x8f\xa6\x68\x7a\x02\xd3\xf3\x46\x8b\x1d\x5a\
\xbd\x3c\x2d\x63\x23\x21\x26\x32\x14\xb9\x69\xec\xf3\x0e\xbe\x7f\
\xf3\x5d\x38\x1d\xfc\xd3\xdf\xa7\xc2\xb7\xaf\xff\x87\x39\x13\x91\
\x14\x1b\x81\xcc\xa4\xe8\x53\x7a\x86\xda\x4d\xa0\x0e\x2e\xc5\x79\
\x3f\xb5\x4b\x29\x1e\xfc\xef\x7e\x2e\x8a\x7f\x00\x40\x81\x3b\x00\
\xf8\x9e\x72\x93\xc0\x23\x88\x00\x80\x81\xc1\xe6\xb2\xf5\x00\xfd\
\x92\x87\xad\x1d\x75\xdd\xf8\xcf\x7a\xb6\x42\x25\x7f\xa5\x6b\x80\
\x4d\x38\xa6\x30\x3f\x86\x93\x27\x7c\x48\x4f\x0e\x47\x4a\x52\x18\
\x93\x8d\xf6\x7e\xef\x8a\xe9\xcc\x18\x93\xc2\x6c\x63\xb0\xa7\x17\
\x25\x9f\x7e\xc1\xc1\x1b\xf7\xd8\xb7\x79\x1b\x9a\xf6\xb0\x0f\xe0\
\x9a\x76\xaa\xef\x82\x4a\x87\x44\x7f\x64\xe0\xc3\x92\x4e\x94\xec\
\xe7\x53\x60\x49\x81\x4f\xf4\xcd\x65\xbe\x53\xac\x21\xf0\x38\x22\
\x00\x60\x46\x79\x1b\x8f\xb6\x40\x00\x78\xf2\x83\x5d\x68\x64\x4c\
\x87\xfb\x23\x06\x06\xf9\xdf\xc8\x08\x25\x72\xd2\x7d\x4f\x7b\x3e\
\x3f\x8b\xad\x90\x6e\xd8\xcb\x1a\x11\x4b\xa6\x67\x73\xb1\xb3\xf9\
\xbd\x8f\x99\x2b\xf0\xdd\x61\xb0\xbb\x17\xdf\xbc\xca\x27\xb3\x7d\
\xaa\xef\x42\xb2\xea\x41\x29\x9f\x13\xfa\x91\xb4\x69\x2d\x78\xf2\
\x33\x3e\x6a\x99\x00\xac\x90\xa4\xbb\x79\x19\x13\xf8\x27\x22\x00\
\x60\x44\xa7\x29\x69\x03\xf8\x68\x67\xdb\x1d\x2e\xdc\xf3\xfa\xd6\
\xa0\xea\x0a\x70\x4a\x14\x66\x9b\xfb\x69\xe2\x64\x75\x28\xf3\x7d\
\xb5\x1c\x24\x25\xb0\xcd\x07\x30\x59\xd8\x47\xba\xb2\xb0\xf0\xb4\
\x2c\x84\x87\xb1\x69\x1a\x00\x80\x24\xb9\xb0\xe6\xf1\xe7\xa0\xef\
\xeb\xe7\xe0\xd5\xc8\xb0\x18\x4d\x78\xf7\xe1\x7f\x70\x51\x24\x54\
\x2a\x08\x96\xce\x18\x79\x6b\x27\x75\x5a\x21\xd9\xf8\x67\x6f\x9c\
\x12\xc5\x5d\xab\xaa\x79\xa6\xfe\x9f\x10\xa2\x3f\x02\x11\x00\x70\
\x40\xa7\xb6\x3d\x0b\xa0\x96\x87\xad\xbd\x0d\xfd\x78\x6d\x1d\x7b\
\xda\xd2\x5f\x70\x39\xd9\x3e\x68\x2a\xc6\x96\x3b\xb9\x88\x66\x14\
\x24\x32\x5a\xbd\x1b\x00\x84\x87\xa9\xb0\xf0\xb4\x2c\x2e\xb6\x4c\
\x7a\x3d\xde\xbc\xfb\x21\x0c\x74\xc9\x3f\x5e\xde\x32\x6c\xc4\x7b\
\x7f\x7d\x02\xda\x0e\x3e\x5a\x0a\xd3\xc7\xa6\x8e\x5c\x18\x89\x4a\
\x70\x99\xe5\xd1\x3f\x78\xe5\x1b\x0d\xaa\x5a\x38\x15\xea\x13\xd4\
\xe9\x15\x71\x42\xf4\x47\x20\x02\x00\x2e\x54\x54\x38\x00\xc5\x4d\
\xe0\x54\xf2\xfb\xfc\x27\x15\xa8\xa8\x67\x93\x2e\xf5\x17\x58\xa7\
\xb4\x29\x7d\xa8\xfa\xff\x48\x2c\x36\xb6\xba\x2a\xa5\x0f\x64\x35\
\x2e\x59\x34\x96\x9b\x2d\x43\xbf\x16\x6f\xdd\xf3\x10\x3a\xeb\x1b\
\xb9\xd9\x3c\x9a\xc1\xee\x5e\xbc\xfe\xc7\xfb\xd1\xb6\x9f\x5f\x5b\
\xed\xa5\x8b\x47\xfe\x0e\x24\x8b\x1e\x90\xf8\xa7\xfe\xab\x5b\x87\
\xf0\xda\xf7\xdc\x66\x87\x50\x0a\x72\x2b\x1a\xbf\x65\x1f\xbb\x29\
\xf0\x7b\x44\x00\xc0\x09\x9d\xa6\xa4\x84\x00\xff\xe1\x61\xcb\x29\
\x51\xdc\xfe\xd2\x66\x2e\xa3\x71\x7d\x1d\x25\x61\xdb\xec\x06\xf5\
\xbe\x39\x4f\x61\xd0\xc0\x76\x82\x8f\x0c\x63\x9c\x5f\xcf\x81\x85\
\x53\xb2\x90\x9b\xca\xae\x09\x70\x98\xe1\x41\x3d\xde\xf8\xe3\x03\
\xd8\xb2\xe6\x33\x48\x2e\x7e\x85\xe7\x94\x52\xec\xf9\x61\x0b\x5e\
\xbd\xe3\xcf\xdc\x4e\xfe\x00\x90\x14\x17\x81\x73\xe7\x8e\x4c\x60\
\x4a\x72\x58\x20\xd9\xf9\xa7\xfe\x8d\x56\x27\xee\x5a\x55\x0d\x87\
\x8b\xd3\xb5\x20\xc5\x1b\xfa\xa6\xd2\xcd\x7c\x8c\x09\xfc\x1d\x11\
\x00\x70\xc4\xae\x50\xde\x03\x0a\x2e\x39\xc0\x2e\xad\x09\xf7\xbc\
\xb6\xd5\x67\xc4\x54\xe4\x82\x10\x02\x75\x74\xb8\xdb\xcf\x0f\xe8\
\x1d\x30\x5b\xbc\xdb\x6a\x76\x2c\xb4\x3a\xb6\xe0\x2d\x3a\x82\xad\
\x86\x80\x07\x0a\x05\xc1\x55\xcb\xf9\x0e\x57\x72\xb9\x5c\xd8\xf8\
\x9f\x0f\xf0\xfa\x9d\x7f\x41\xfd\x2e\x76\x19\x8d\xee\xa6\x66\xbc\
\x73\xdf\x23\xf8\xec\x99\x97\x60\x19\xe6\xbb\x01\x5f\xb1\xac\x10\
\x61\x23\xb9\x62\xa2\xd2\x8f\x3d\xff\xfc\xf9\xcb\x7b\xfb\xd1\xda\
\xcf\xab\x25\x94\xf4\x50\x1a\x7a\x2f\x27\x63\x82\x00\x40\x04\x00\
\x1c\x31\x36\x6e\xeb\x27\x0a\x72\x2b\x2f\x7b\x1b\x2b\xda\xf0\xf6\
\x77\x5c\x4a\x0b\x7c\x9a\x44\x96\x41\x2b\x94\xa2\xa5\xc3\xbb\xc3\
\x73\x8e\xc6\x62\x75\xa1\xb1\x85\xad\x31\x24\x2d\x81\x4d\x8f\x9f\
\x17\x97\x2e\x1e\x87\x64\x35\xff\x2e\x8b\xce\x46\x0d\xde\x7d\xf8\
\x1f\x78\xed\xae\xbf\xa0\xf2\xfb\x4d\x30\x0d\x8d\xbc\x60\xcf\x61\
\xb5\xa2\xb6\x6c\x07\x56\xdd\xfb\x30\x5e\xf9\xfd\x3d\xd0\xec\xab\
\xe1\xee\x5f\x6c\x54\x28\xae\x3a\x6b\x64\x23\x9e\x5d\x66\x9d\x2c\
\x72\xbf\xef\xfc\xd0\x86\xef\x2b\xf9\x5d\x05\x12\x2a\xfd\x41\xdf\
\x52\x1c\x7c\x6d\x46\x82\xe3\xc2\x5e\xe6\x2b\xf8\x09\x83\x4d\xa5\
\x6b\xd4\x05\x73\x2f\x04\xe0\xbd\x15\x8e\x00\x00\x1c\x0a\x49\x44\
\x41\x54\x25\x97\xf0\xb0\xf7\xd4\x07\xbb\x31\x73\x6c\x2a\x4e\x2b\
\xf0\x0d\xa9\x5b\x39\xc8\x4c\x8e\xc6\xc1\xf6\x41\xb7\x9f\x2f\xad\
\x1c\xc0\x84\x31\xbe\xa3\x05\xb0\xa7\xce\x00\x87\x93\x2d\xc5\x9d\
\x71\x8a\xc2\x33\x72\x11\x19\xa6\xc2\x5d\xbf\x9a\x81\xbf\xbc\x51\
\x22\x8b\xfd\x8e\x03\x8d\xe8\x38\xd0\x08\xc5\x8b\xaf\x63\xd4\xc4\
\x71\x48\x1f\x93\x8f\xd4\xec\x6c\xc4\xa5\x26\x23\x3c\xfa\x50\x2b\
\xa5\xdd\x62\x81\xbe\x4f\x0b\x5d\x77\x0f\x5a\xeb\xea\xd1\x56\xb3\
\x5f\x76\x81\xa1\x9b\xcf\x9b\x82\x84\x98\x93\x6b\x39\x48\x76\x23\
\xa8\x83\x4b\x17\xf0\x4f\xd8\xd3\x6c\xc0\xd3\x9f\x73\x6b\xf9\x03\
\x80\xaf\x06\x9b\xcb\x3f\xe6\x69\x50\xe0\xff\x88\x00\x40\x06\x9c\
\xca\xb0\x5b\x95\x4e\xfb\x42\x02\xa4\xb2\xda\xb2\x3b\x5d\xb8\xed\
\x5f\x9b\xf1\xf9\x63\xe7\x8f\xe8\x83\xe4\x8f\x8c\xc9\x8c\xc7\xa6\
\x4a\xf7\xa7\x9a\x15\xef\x18\xc0\xef\x2e\xcd\xe5\xe7\x10\x23\xa5\
\xbb\xd8\x6e\x81\x52\xd5\x51\x88\xe4\xd0\x82\xc7\x8b\x5f\x2d\x1c\
\x8b\x77\xbe\xdb\xcf\x14\xa4\x9d\x0c\x49\x72\xa1\xb9\x7a\xbf\x57\
\x34\x03\x8e\x26\x2b\x39\x06\xd7\xac\x38\xf9\xe9\x9f\x4a\x4e\x59\
\x04\x7f\x74\x26\x07\xee\x78\x73\x1f\xbf\x7b\x7f\x40\xab\x74\x29\
\x6f\xe0\x65\x4c\x10\x38\x88\x2b\x00\x19\x18\xae\x2f\xd6\x12\xaa\
\xf8\x1d\x2f\x7b\x1d\xfd\xc3\xb8\xe9\xd9\x0d\xb0\x33\xb6\xcc\xf9\
\x2a\x63\xb3\xd4\x4c\xcf\x97\x57\x0e\x40\x3b\xe8\x1b\x05\x93\x2e\
\x17\xc5\x47\xdf\xb2\x4d\x55\x9d\x98\x97\xc8\xc9\x1b\x3e\x28\x15\
\x04\x8f\x5e\x5b\xe4\x13\x9d\x09\x9e\xe0\xaf\x57\xcf\x41\x58\xc8\
\x89\xbb\x53\x28\x28\x24\x93\x16\xa0\x7c\x55\x74\x25\x4a\xf1\xc7\
\xb7\xab\xd1\xcd\x58\x43\x72\x24\x84\xd2\x5b\xb4\xad\xdb\xe4\xef\
\xc1\x14\xf8\x1d\x22\x00\x90\x09\x5d\x73\xc9\x97\xa0\x64\x35\x2f\
\x7b\xbb\x0f\xf6\xe2\x1f\xef\xef\xe0\x65\xce\xa7\x98\x3e\x8e\x4d\
\x76\xd6\xe6\x90\xb0\x7a\x6d\x3b\x27\x6f\xd8\xd8\xba\x6b\x00\x5d\
\x7d\x6c\x1a\xf0\x93\x7d\x2c\x00\x00\x80\x99\xe3\x52\xf1\xbb\x5f\
\x9c\xe6\x6d\x37\x64\xe7\xf2\xa5\x85\x58\x32\xfd\xe4\xc2\x3f\xd4\
\xa2\x07\x75\xf1\xef\x40\x79\x6e\x5d\x13\x37\xa9\x5f\x00\x20\xc0\
\x3b\x22\xf5\x2f\x38\x1e\x22\x00\x90\x13\x62\xfd\x03\x00\x6e\x3b\
\xd3\xea\xef\xeb\xf0\xc1\xa6\xc0\x1b\x1d\x3c\x2a\x25\x96\xb9\xd0\
\xec\x3f\x9f\xb7\x7b\xbd\x1b\x80\x52\x8a\x67\xdf\x66\xef\x73\x9f\
\x3b\x21\x83\x83\x37\xfc\xb9\xf3\xe2\xe9\x01\x5d\x8b\x92\x93\x12\
\x83\xbf\x5c\x31\xfb\xa4\x3f\x47\x1d\x16\x48\x36\xfe\x63\x7e\xd7\
\xee\xe8\xe2\xd9\xef\x0f\x80\x36\x43\xe1\xba\x9d\xa3\x41\x41\x80\
\x21\x02\x00\x19\xd1\x69\x2a\x0c\x54\xa2\x57\x01\xe0\x96\xbb\xff\
\xeb\xdb\xe5\xd8\x59\xd7\xc3\xcb\x9c\xcf\xb0\x70\x32\x9b\xea\x9c\
\x76\xd0\x86\x7f\xbe\xd5\xc4\xc9\x1b\xf7\xf8\x62\x63\x0f\x2a\x6b\
\xd8\xee\x84\x23\xc3\x54\x98\x3a\xc6\x37\x37\xd9\x10\xa5\x02\x2f\
\xfe\x7e\xc9\xc8\x95\xf1\xfc\x88\xa8\xf0\x10\xfc\xfb\xce\x65\x88\
\x0a\x3f\xb1\xfe\x02\x75\x39\x64\x51\xfb\xab\x6c\xd2\xe3\xc1\xf7\
\xb9\xd6\x3f\x48\x54\xc2\x6f\x07\x1b\x77\x04\xef\x9c\x71\xc1\x49\
\x11\x01\x80\xcc\xe8\x5b\xca\xb7\x10\xe0\x31\x5e\xf6\x1c\x2e\x09\
\xb7\xbd\xb8\x19\x5d\x5a\xfe\x95\xc7\xde\xe4\xac\x59\xb9\xcc\x36\
\xde\xfa\xa8\x05\x35\x0d\xde\xf9\xde\x0d\xe8\xed\x78\xf4\xa5\x83\
\xcc\x76\x16\x4f\xcb\x46\x28\xa3\x3a\xa2\x9c\x64\xa7\x44\xe3\xcd\
\xbb\xcf\xe4\x32\x27\xc0\x57\x50\x2a\x08\x9e\xbf\x6d\x31\xc6\x8f\
\x3a\xd9\x18\x67\x0a\x97\x99\xff\xbd\x7f\xbb\xd6\x82\x9b\x5f\xdd\
\x0b\xbb\x93\xa7\xe6\x07\x79\x4a\xdf\x52\xbe\x85\xa3\x41\x41\x00\
\x22\x02\x00\x0f\x30\xa8\xc9\x7c\x14\x94\x16\xf3\xb2\xa7\xd5\x9b\
\x71\xcd\x93\xdf\xc1\x60\xf2\x4d\x15\x3c\x77\x58\x30\x39\x03\x31\
\x91\x6c\xe2\x37\x4e\x17\xc5\xcd\x0f\xee\x83\x6e\xc8\xb3\xef\xc5\
\xe9\xa2\xb8\xe5\xa1\x7d\xe8\xd1\xb2\xcf\x7f\xff\x65\xd1\xc8\x94\
\xe7\xbc\xc9\x69\x05\xc9\x78\xea\xc6\x05\x01\x51\x14\x48\x08\xc1\
\x5f\xaf\x99\x8b\xa5\x27\x9d\xf8\x47\x21\x99\x06\x00\x17\xdf\x19\
\x0d\xc3\x16\x27\x6e\x7c\x65\x0f\x74\x26\x8e\x76\x09\xb6\xeb\x22\
\xf4\x0f\xf3\x33\x28\x08\x54\x44\x00\xe0\x11\x3e\x76\x29\x9d\x8a\
\x2b\x00\x70\x1b\x89\xd6\xd8\xa9\xc7\x8d\xcf\x6e\x80\xcd\x11\x18\
\x9d\x01\x61\xa1\x2a\x9c\x3f\x8f\x7d\xf3\xd3\xb4\x9b\x70\xed\xbd\
\x7b\x60\x73\xf0\x3d\xa5\x1d\x0f\x4a\x29\x1e\x7a\xbe\x0e\x25\x15\
\xec\x69\xe1\xc4\x98\x70\x2c\x9c\xca\x67\x0c\xaf\xdc\xfc\x62\x4e\
\x3e\x9e\xbb\x6d\x11\x42\x94\xfe\xfb\x09\x21\x84\xe0\x81\xab\x4e\
\xc7\x15\xcb\xc6\x9f\xf4\x67\x25\xeb\x30\x24\x07\x2f\x45\xbe\x43\
\x38\x5c\x14\xb7\xbf\x55\x85\xc6\x1e\x8e\xd9\x3c\x8a\x01\x50\xc5\
\xa5\xa8\xad\x0d\x9c\xd3\x81\x40\x36\x7c\x37\xd7\x18\x60\x98\x87\
\xda\x87\x23\x13\xb2\xaa\x01\x72\x39\x00\x2e\x47\xa7\x4e\xad\x11\
\x07\xdb\x07\x71\xce\x9c\x7c\x28\x88\xff\x9f\xc6\xd2\x12\xa2\xf0\
\xdf\x1f\xd8\x8b\x1c\x3b\x7b\xad\xd8\xbb\xdf\x80\xb3\x16\xa4\x20\
\x2c\x54\xbe\x0d\x4a\x92\x28\xfe\xfc\xf4\x7e\xbc\xfb\x39\x9f\x3a\
\xcf\xeb\xce\x99\x84\x05\x93\x33\xb9\xd8\xf2\x04\x63\xb3\xd4\x98\
\x94\x97\x84\xef\x77\xb7\xc2\xc5\x51\xdb\xdf\x13\x28\x15\x04\x4f\
\xdc\xb8\x00\x57\x2c\x2d\x3c\xe9\xcf\x52\x87\x85\xbb\xd4\x2f\xa5\
\x14\xf7\xbf\x57\x8b\xef\xf7\xf4\xf1\x34\x2b\x41\x41\x2e\xd6\x69\
\x4a\x2b\x78\x1a\x15\x04\x2e\x22\x00\xf0\x20\x16\x5d\x47\x63\x84\
\x3a\x3b\x12\xc0\x7c\x5e\x36\x35\xdd\x06\x0c\x0e\x59\xb1\x64\x9a\
\x7f\x9c\x1c\x4f\x44\x72\x7c\x04\xf6\x34\xf4\xa3\xb5\x97\xfd\x1e\
\xbf\xb5\xd3\x8c\x8d\x65\xfd\x58\x56\x94\x82\xd8\x68\xfe\xf7\xd5\
\x86\x61\x07\xfe\xf0\x48\x15\x3e\x5b\xcf\x67\xf8\x4c\xa8\x4a\x89\
\xe7\x6e\x5d\x84\xa8\x08\xef\x0f\x01\x3a\x15\xf2\xd2\xe3\x30\x77\
\x42\x3a\xb6\xec\xeb\x80\xc9\xcb\x23\x8c\x47\x4a\x42\x4c\x18\xfe\
\x7d\xe7\x32\x9c\x3d\x3b\xf7\xa4\x3f\x4b\x5d\x76\xb8\x8c\xfd\xe0\
\x34\xe8\xf3\x7f\x3c\xfe\x59\x3d\x3e\xd8\xc6\xa6\x17\x71\x34\x84\
\x92\xc7\x74\x9a\xd2\x37\xb8\x1a\x15\x04\x34\x22\x00\xf0\x30\xd6\
\xfc\x94\x2d\x11\x16\xe5\x02\x10\x92\xcb\xcb\x66\xb5\x46\x8b\xa8\
\xf0\x10\x4c\x1f\xcb\x2c\x3c\xe8\x75\xb2\x92\x63\xf0\xf1\x16\x3e\
\x12\xa8\x5a\x9d\x1d\x6b\xbe\xee\x40\x5c\x4c\x08\x26\x8f\x8d\x05\
\xe1\x94\x25\x29\xa9\x18\xc0\x15\x77\xee\x46\xe5\x7e\x4e\xf3\xd9\
\x01\x5c\x71\x66\x21\xce\x9d\x93\xcf\xcd\x9e\x27\xc9\x48\x8c\xc6\
\x05\x67\x8c\x41\x5d\xeb\x00\xda\xfa\xf8\xb7\xc7\xf1\x64\x52\x6e\
\x12\x56\xdf\x77\x0e\x26\xe7\x27\x9d\xfc\x87\x25\x17\x5c\xa6\x7e\
\xee\x45\x7f\x2f\x7f\xab\xc1\x6b\xdf\xb5\x70\xb5\x49\x80\x4d\x83\
\xcd\x99\xd7\x03\xfb\x03\x7b\x7a\x98\x80\x2b\x22\x00\xf0\x34\xdd\
\xdd\x52\x48\x5a\xc6\x57\x0a\xa7\xe2\x57\x20\x60\x93\xc0\x3b\x82\
\x92\x9a\x2e\x24\xc5\x85\xe3\xb4\x7c\xdf\x6c\x21\x1b\x29\x19\x49\
\xd1\xa8\x6e\x1e\x40\x73\x37\x9f\xcd\xd5\x66\x97\xb0\xb1\xac\x1f\
\x5b\x77\x0d\x20\x3d\x25\x0c\xa3\x32\x23\xdd\x0e\x04\xaa\xeb\x87\
\x70\xcf\x93\xb5\x78\xea\xf5\x06\x0c\x9b\xf8\x69\x0e\x44\x84\xab\
\xf0\xef\xdb\x97\x22\xf2\x24\x2d\x68\xbe\x4c\x64\x98\x0a\xe7\xcd\
\x1b\x8d\x50\x95\x02\x15\xf5\x7d\x70\x49\xbe\xb5\x0f\x85\x28\x15\
\xb8\xe1\x97\xa7\xe1\x99\x5b\x17\x8d\x4c\x52\x9b\x4a\x87\x2a\xfe\
\x39\x17\xfd\x7d\x58\xd2\x81\x27\x3e\xe5\xaa\xf1\x0f\x80\xf4\x28\
\x5d\xca\xe5\x66\xc3\xb7\xa2\xe5\x4f\x70\x4a\xf8\xff\xc5\xb1\x9f\
\x12\x9f\x37\x7f\x0a\x21\xae\x52\x80\x44\xf1\xb2\xa9\x50\x10\x3c\
\x79\xc3\x19\xb8\xe8\x8c\xd1\xbc\x4c\x7a\x85\xe6\x1e\x03\xce\xbe\
\x67\xad\x2c\xd2\xc7\xa3\x47\x45\xe1\x8a\xf3\xb2\xb1\x78\x4e\x12\
\xc6\xe4\x9e\x7c\xe0\x4e\xff\x80\x0d\xdf\x6e\xed\xc5\xd7\x9b\x7b\
\x51\x5a\x39\x28\xcb\x78\xe6\xbb\x2f\x9d\x89\x9b\xcf\x9f\xc2\xdd\
\xae\xb7\x68\xeb\x1b\xc6\x43\xab\xca\xb0\xb5\xaa\xc3\xdb\xae\x00\
\x00\x66\x8c\x4d\xc5\xdf\xaf\x9b\x87\xb1\xd9\x23\x8d\xb7\x29\x5c\
\xe6\x01\x50\x3b\xdf\xa2\xbf\x6f\x2b\x7a\x71\xd7\xdb\x55\xe0\x5c\
\x2e\x61\x03\x91\x96\xea\x9a\xb6\x97\x72\xb5\x2a\x08\x0a\x44\x00\
\xe0\x45\xe2\xf3\xe7\x5d\x48\x40\x3f\x01\xc7\xff\x0f\x4a\x05\xc1\
\x33\x37\x2f\xc4\x79\x1c\x2a\xea\xbd\xc9\x73\x1f\x57\xe2\xc5\xb5\
\xec\xf3\xe2\x4f\x44\x66\x6a\x38\x26\x8c\x89\x41\x4e\x7a\x24\x92\
\x13\xc2\xa0\xf8\xb1\x5e\xd0\x64\x76\xa1\xa1\xc5\x88\x03\x1a\x23\
\x5a\x3a\xcd\x90\x64\x3c\xcd\x8e\xce\x8c\xc7\x57\x8f\xaf\xf4\xe9\
\xde\x7f\x77\xd9\x58\xd1\x86\x97\xd6\xee\x41\x95\x46\xeb\x95\xf5\
\xc7\x65\x27\xe0\xd6\x0b\xa6\xe0\xdc\xd3\xf3\x4e\x29\xeb\x23\x99\
\x75\x90\xec\x7c\xaf\x32\xd6\xef\xe9\xc3\x9d\xab\xaa\x78\x0e\xf8\
\x01\x00\x10\x4a\x7e\x37\xd8\x5c\xfa\x26\x57\xa3\x82\xa0\x41\x04\
\x00\x5e\x46\x5d\x50\xf4\x18\x28\xee\xe7\x69\xf3\xb0\xb0\xc9\xb9\
\x73\xf2\x78\x9a\xf5\x28\x0e\x97\x84\x0b\x1f\x58\x87\xda\x56\xfe\
\xaa\x6b\xbe\x42\x88\x52\x81\x8f\xfe\xfa\x0b\x4c\x09\x60\x79\x5d\
\x00\xd8\xb2\xaf\x03\xaf\xad\xdb\x87\x1d\x07\x7a\x65\xc9\xa0\x1c\
\xcd\xd4\x31\xc9\xb8\xe1\x17\x53\xb0\x7c\x66\xce\x29\x5f\xf7\x48\
\x56\x03\x24\x2b\xbf\xda\x0e\x40\xbe\xcd\x1f\xa0\x8f\xeb\x34\xe5\
\xf7\x71\x36\x2a\x08\x22\x44\x00\xe0\x7d\x14\xea\xfc\xa2\x2f\x00\
\xfc\x82\xa7\xd1\x50\x95\x12\xff\xbe\x73\x29\x16\xfb\x71\x77\x40\
\x63\xa7\x1e\x2b\x1f\xf8\x02\x66\x9b\x77\x35\xfe\xe5\xe2\xde\x5f\
\xcf\xc2\x8d\xbf\x0c\xfc\x01\x3b\x87\x69\xef\x33\xe2\xb3\x6d\x0d\
\xf8\xa2\xa4\x11\x2d\x1c\x3a\x3d\x8e\x24\x33\x29\x1a\xe7\xcf\x2f\
\xc0\x85\xf3\xc7\x20\x3f\x23\xce\x2d\x1b\x92\xcd\x08\xc9\xc2\x77\
\xe4\xf1\x77\x95\xbd\xb8\x6b\x55\x35\x9c\x9c\xb3\x48\x04\x64\xed\
\xa0\xa6\xf4\x57\x00\xfc\xab\xff\x52\xe0\x53\x88\x00\xc0\x07\x48\
\x18\x7d\x7a\x2c\x95\x94\x5b\x00\x4c\xe5\x69\x37\x54\xa5\xc4\xf3\
\xb7\x2d\xc2\x8a\x11\xb4\x3b\xf9\x2a\xdf\xee\x68\xc6\x6d\xff\xda\
\xec\x91\x93\xa3\x27\x59\x31\x6b\x14\x5e\xba\x7d\x29\x14\x01\xa0\
\xa6\xe7\x0e\xad\x7d\x43\x28\xaf\xe9\x46\x59\x4d\x17\xaa\x34\xfd\
\xe8\xd4\x1a\x47\x5c\x38\xa8\x50\x10\x64\x24\x46\x63\x52\x5e\x22\
\x8a\x26\x66\xa0\x68\x62\x3a\xf2\x33\xe2\x99\xfc\x91\x1c\xe6\x43\
\x4a\x7f\x1c\xdb\xfd\xe4\xda\xfc\x01\x54\x86\x9a\x8c\x67\xf4\xf6\
\x56\x05\x96\x1e\xb8\xc0\xe3\x04\xe7\xd7\xc7\x07\x49\xca\x9e\x97\
\xe1\x0a\xa1\x65\x00\x46\xf1\xb4\xab\x54\x10\x3c\x79\xe3\x02\x5c\
\xb8\x60\x0c\x4f\xb3\x1e\xe5\x85\x4f\x2b\xf1\xc2\xa7\xf2\xd6\x03\
\x78\x92\x49\xb9\x49\x58\xf3\xd0\x39\x88\xf0\xe3\xaa\x7f\xde\xd8\
\x9c\x12\x5a\xbb\x0d\x68\xed\x1b\x82\xde\x68\x83\xd9\xe6\x84\xd9\
\xe2\x00\xa5\x40\x64\x84\x0a\x51\x61\x21\x88\x8d\x0a\x45\x4e\x4a\
\x2c\xf2\xd3\x63\x11\x16\xca\x4f\xdb\x81\x3a\xad\x90\x8c\xfd\xa0\
\x1c\x37\xff\x6f\x2a\x7a\xf1\xa7\xb7\x65\xd8\xfc\x09\xba\x08\x71\
\x9d\x3e\xd8\xb8\xc3\x37\x2a\x2c\x05\x7e\x8d\x08\x00\x7c\x88\x84\
\xd1\x0b\x26\x50\xc9\x55\x02\xf0\x6b\x0f\x04\x0e\x9d\x98\xfe\x7a\
\xf5\x5c\x5c\x79\xe6\xc9\x25\x4f\x7d\x95\xc7\xde\xdd\x81\x55\xdf\
\xd6\x78\xdb\x0d\x66\xf2\xd2\xe2\xf0\xe1\x83\xe7\x32\x8f\x3f\x16\
\xf0\x81\x3a\xad\xdc\x85\x7e\xfe\xbb\xb5\x03\x8f\xac\x39\x00\x89\
\x7f\xd6\x6a\x48\x52\x48\x8b\x0d\x8d\xdb\x2b\x79\x1b\x16\x04\x27\
\x81\x57\x7a\xec\xc7\x58\x06\xdb\xfa\x23\xe2\x73\xca\x40\xf0\x6b\
\x00\xdc\x8e\x38\x94\x02\x9b\xf7\xb6\x03\x20\x98\x33\x21\x9d\x97\
\x59\x8f\x32\x7f\x72\x26\x7a\x75\x66\xd4\xb6\xf8\x6f\x51\x60\x6e\
\x6a\x2c\x3e\x78\xe8\x1c\xa4\xa8\x23\xbd\xed\x8a\x00\x00\x75\x58\
\x0f\xf5\xfa\x73\xdc\xfc\x5f\x5f\xdf\x82\x7f\x7c\x72\x90\xb3\x6e\
\x20\x00\xc0\x4e\x28\x59\xa9\xd7\x94\x8b\x76\x3f\x01\x37\x44\x00\
\xe0\x63\x58\xf5\xed\x6d\x91\xf1\x59\xf5\x20\xe4\x22\x70\xce\xd0\
\xec\xa8\xeb\x86\xcd\xee\x42\xd1\xa4\x0c\x6e\xaa\x78\x9e\x82\x10\
\x82\xa5\xd3\xb3\x61\x77\xb8\xb0\xbb\xbe\xd7\xdb\xee\x9c\x32\x85\
\x39\x09\x78\xf7\xfe\x15\x48\x55\x73\x93\x7d\x10\x30\x40\x9d\x56\
\xb8\xcc\xfd\x87\xa2\x63\x0e\x48\x94\xe2\xd1\x8f\x0e\xe2\xd5\xef\
\x9b\xb9\xd8\x3b\x0a\x17\x05\xb9\x4c\xd7\x5c\xfa\xb5\x1c\xc6\x05\
\xc1\x8b\x08\x00\x7c\x10\x8b\xbe\x63\x7f\xb8\x3a\x6b\x88\x80\xac\
\xe0\x6d\x7b\x77\x7d\x2f\x5a\x7a\x87\xb0\x78\x7a\x0e\x54\x7e\x56\
\x80\x46\x08\xc1\xbc\xc9\x99\x48\x8e\x8b\x44\x49\x75\x97\xcf\xa9\
\xcd\x1d\x8f\x25\xd3\x73\xf0\xf6\xbd\xcb\xa1\x8e\x0e\xf7\xb6\x2b\
\x02\x1c\x71\xf2\xe7\xb4\xf9\xdb\x5d\x12\xee\x7e\xbb\x16\x9f\x96\
\xf3\x99\x0b\x71\x14\x94\x10\xdc\xac\xd3\x94\xbd\x27\x87\x71\x41\
\x70\x23\x02\x00\x1f\xc5\xaa\xeb\xd8\x1e\xae\xce\x06\x01\x16\xf1\
\xb6\x7d\xb0\x5d\x87\x5d\x07\x7a\xb0\x6c\xc6\x28\x84\x73\x2c\xa6\
\xf2\x14\x93\xf3\x93\x50\x34\x29\x1d\x5b\xab\x3a\x61\xb4\xf8\xee\
\x00\x1a\x95\x82\xe0\x4f\x97\xce\xc4\xdf\xae\x99\x1b\x90\x42\x3f\
\xfe\x08\x75\x58\xe0\x32\x0f\x70\xd3\xf7\x37\x98\x9d\xb8\xf5\xb5\
\x7d\xd8\x54\xcd\x6d\xd2\xf7\x4f\xa1\x78\x50\xa7\x29\x7b\x5e\x1e\
\xe3\x82\x60\x47\x7c\x95\x7c\x18\xab\xae\x7d\x4b\x84\x3a\x27\x1c\
\x1c\xa7\x07\x1e\xa6\x53\x6b\xc4\x86\x8a\x36\x2c\x9a\x9a\x8d\xb8\
\xa8\x11\x68\xa3\xfb\x18\xe9\x89\xd1\xb8\x78\xe1\x58\xf4\xe9\x2d\
\xa8\x6b\xe3\xdb\xbb\xcd\x83\xd1\x99\xf1\x78\xfd\x8f\x67\xe1\x17\
\x45\xf9\x7e\x77\xdd\x12\xa8\x50\x87\x05\x92\x89\xdf\x9d\x7f\x4b\
\x9f\x19\x57\xbf\xb0\x1b\xd5\xad\xf2\x48\xf0\x13\xe0\x05\x5d\x73\
\x19\x57\x91\x30\x81\xe0\x48\x44\x00\xe0\xe3\x58\x75\xed\x3f\x44\
\xc4\x67\x45\x81\x90\x79\xbc\x6d\xeb\x86\xad\xf8\xa2\xa4\x09\x33\
\xc6\xa6\x22\x23\xe9\xe4\xba\xf8\xbe\x46\x58\xa8\x12\x67\xcd\x1a\
\x85\x69\xa3\x53\x50\xd5\x3c\x00\xdd\xb0\xd5\xdb\x2e\x21\x22\x5c\
\x85\x5b\xcf\x9f\x82\x67\x6f\x5d\x8c\xac\x64\xff\x7b\xa7\x81\x0a\
\xb5\x9b\x7f\x2c\xf8\xe3\x43\x45\x93\x1e\xd7\xbe\x58\x81\x6e\x9d\
\x8d\x9b\xcd\x9f\x40\xf0\x86\x4e\x53\xf6\x7b\xf0\x9e\x43\x2c\x10\
\x1c\x81\x08\x00\xfc\x00\xab\xbe\x63\x63\x84\x3a\x3b\x05\xc0\x2c\
\xee\xb6\xed\x4e\x7c\x51\xd6\x84\x54\x75\x24\x26\xe6\x26\xf2\x36\
\xef\x11\x46\xa5\xc5\xe2\xd7\x4b\x0b\x91\x18\x17\x81\x83\x6d\x3a\
\xaf\x5c\x0b\x84\xaa\x94\xf8\xd5\xc2\xb1\x78\xf5\xce\x65\x58\xea\
\x87\xf5\x15\x81\x8c\x64\x1b\x86\x64\xe5\x97\x25\xfa\xb8\xb4\x13\
\xb7\xbf\x59\x05\x93\x8d\xff\xb0\x2a\x00\x87\x36\xff\xa6\xb2\x9b\
\x20\x54\xfe\x04\x32\x23\xbe\x52\xfe\x83\x22\x21\x6f\xee\x2a\x4a\
\xc8\xd5\x72\x2d\x70\xcd\xf2\x89\xf8\xcb\x95\xb3\x11\xa2\x54\xc8\
\xb5\x84\xec\xd8\x9c\x12\xd6\x6e\x6d\xc0\xbb\x1b\xf6\xa3\xae\x55\
\xfe\xab\x81\xd8\xa8\x50\x5c\xb2\x68\x1c\xae\x3d\x7b\x22\xd2\x12\
\x44\x85\xbf\x6f\x41\x21\x59\x87\xb8\x69\xfb\x3b\x25\x8a\x27\x3f\
\xad\xc7\x7f\x36\xb7\x71\xb1\x77\x6c\xe8\xab\x3a\x4d\xf9\x2d\x10\
\x27\x7f\x81\x07\x10\x01\x80\x5f\x71\xb1\x52\x5d\xd0\xf9\x36\x28\
\xae\x92\x6b\x85\xd9\xe3\xd3\xf0\xd2\x1f\x96\x20\x29\xce\xff\x85\
\x6a\xf6\x35\xf5\xe3\xf3\x6d\x8d\xd8\x50\xd9\x8a\x2e\x2d\x3f\xd5\
\xd4\xf0\x30\x15\x16\x4c\xca\xc4\x79\xf3\x0a\xb0\x6c\x46\x0e\xc2\
\x42\x44\x22\xcd\xe7\xa0\x14\x2e\x0b\xbf\x91\xbe\xfd\x06\x3b\xee\
\x58\x55\x85\x5d\x0d\x3a\x2e\xf6\x8e\x8d\xd8\xfc\x05\x9e\x45\x04\
\x00\xfe\x07\x49\xc8\x2f\x7a\x8e\x02\xb7\xcb\xb5\x40\xaa\x3a\x0a\
\xff\xbe\x63\x29\xa6\x8e\x09\x8c\x29\x75\x94\x52\xd4\xb5\x0e\x62\
\xc7\x81\x1e\xec\x3a\xd0\x83\xba\x96\x41\xb4\x6b\x87\x47\x3c\xe6\
\x37\x3e\x3a\x0c\x93\xf2\x12\x31\x39\x3f\x09\xa7\x17\xa6\xe3\xf4\
\x09\xe9\x62\xd3\xf7\x69\x28\x24\x93\x16\x92\xc3\xc2\xc5\xda\xae\
\x06\x1d\xee\x58\x55\x85\x7e\x83\x9d\x8b\xbd\x63\x41\x09\xde\xd4\
\x37\x95\xdd\x08\x91\xf6\x17\x78\x10\x11\x00\xf8\x27\x44\x9d\x37\
\xf7\x49\x10\x72\xb7\x5c\x0b\x84\xa9\x14\x78\xe0\x37\x73\x70\xc5\
\x32\xff\x95\x0f\x3e\x11\x36\x87\x0b\xad\x3d\x43\xe8\x37\x58\xa0\
\x35\x58\x60\xb6\xfd\x7f\xdd\x40\x44\xa8\x0a\xd1\x11\xa1\x48\x89\
\x8f\x40\x4e\x6a\x2c\xe2\xa3\xfd\xaf\x4b\x22\x58\xa1\x92\x13\x2e\
\x53\x3f\xe0\x62\xaf\x03\xa1\x94\xe2\x8d\x0d\xad\x78\x7e\x5d\xa3\
\x1c\x03\x7d\xfe\x07\xa1\xf8\xd7\x60\x73\xd9\x1d\x10\x27\x7f\x81\
\x87\x11\x01\x80\x1f\x13\x5f\x30\xf7\x41\x42\xc9\x23\x72\xae\xb1\
\x7c\x56\x2e\x1e\xff\xdd\x7c\xb1\x09\x0a\x7c\x1e\xea\xb2\x41\x32\
\x6a\x41\x29\x7b\x71\xde\x90\xd9\x89\x7b\x57\xd7\xe0\x87\x2a\x99\
\xfa\xfb\x7f\x84\x12\xfa\x90\xbe\xa9\xfc\x51\x59\x17\x11\x08\x8e\
\x83\xc8\x63\xfa\x31\x56\x5d\xc7\xd6\x08\x75\x76\x3f\x80\xb3\x21\
\x53\x30\xd7\xd4\xa5\xc7\xba\xb2\x26\x4c\xce\x4b\x42\xa6\x68\x6b\
\x13\xf8\x28\x92\xcd\x08\x89\x93\xc0\xcf\x9e\x66\x03\xae\x7f\xa9\
\x12\x7b\x9b\xf9\x14\x0f\x1e\x07\x4a\x41\xef\xd2\x6b\xca\x9f\x92\
\x73\x11\x81\xe0\x44\x88\x00\xc0\xcf\xb1\xea\xda\x77\x45\xaa\xb3\
\x3a\x00\x72\x2e\x00\x59\xca\xf7\x8d\x16\x07\xd6\x96\x34\x82\x52\
\x8a\x59\x85\x69\x50\x08\x61\x1b\x81\xcf\x40\x21\x59\xf4\x5c\x2a\
\xfd\xed\x4e\x8a\x67\x3e\x6f\xc0\x03\xef\xd7\x41\x6f\x96\xb5\x95\
\xd4\x4e\x28\xb9\x42\xd7\x5c\xf6\x96\x9c\x8b\x08\x04\x27\x43\x7c\
\xc9\x03\x04\x75\xc1\xbc\xb3\x41\xe9\x1a\x00\x31\x72\xae\x33\x73\
\x5c\x2a\xfe\x79\xf3\x42\xe4\xa4\xc8\xba\x8c\x40\x70\x52\x28\x75\
\x41\x32\x0d\x80\x3a\xd9\x05\xa0\x1a\xba\x4d\xf8\xe3\xdb\x55\x38\
\xd0\x61\xe4\xe0\xd9\x09\x31\x12\x4a\x2e\x1c\x6c\x2e\xdd\x20\xf7\
\x42\x02\xc1\xc9\x10\x01\x40\x00\x11\x9f\x5b\x34\x95\x28\xf0\x15\
\x80\x4c\x39\xd7\x89\x08\x57\xe1\xee\x4b\x67\xe2\x37\x67\x4e\x80\
\x42\x08\xde\x08\xbc\x00\x75\x5a\xe1\x32\x0d\x00\x8c\xf7\xfd\x94\
\x52\xfc\x67\x73\x1b\xfe\xf9\x45\x23\xec\x0e\x79\x0b\xf0\x29\xd0\
\xab\x04\x7e\x39\xa0\x29\xdb\x25\xeb\x42\x02\xc1\x08\x11\x5f\xef\
\x00\x23\x29\x7b\x5e\x86\x4b\x45\xbf\x02\xc1\x34\xb9\xd7\x9a\x3e\
\x26\x15\x4f\xdd\xb8\x00\xf9\x19\x71\x72\x2f\x25\x10\xfc\x08\x3d\
\x74\xdf\x6f\xd1\x83\xb5\x68\xbe\xb5\xdf\x8c\x87\xfe\x5b\x87\xf2\
\x83\x1e\x99\x25\x51\x4d\x25\xe9\x3c\x7d\xcb\xf6\x16\x4f\x2c\x26\
\x10\x8c\x04\x51\x03\x10\x60\x98\x87\xda\x87\x63\x32\x0b\xde\x97\
\x9c\xae\xa9\x00\xc6\xc8\xb9\x56\xf7\xa0\x09\x6b\x8a\xeb\xa1\x52\
\x2a\x30\x6d\x4c\x8a\xa8\x0d\x10\xc8\x0b\x95\xe0\x32\x0f\x80\xda\
\x86\x99\xcc\x38\x5c\x14\x6f\x6d\x6c\xc5\xed\x6f\x55\xa1\xb5\x8f\
\x8f\x50\xd0\x89\xa1\xdf\x12\x85\x74\x8e\x4e\xb3\xa3\xd7\x03\x8b\
\x09\x04\x23\x46\x7c\xb1\x03\x95\x19\x33\x42\xd4\xfa\xb0\x97\x41\
\xf1\x3b\x4f\x2c\x37\x6d\x4c\x0a\x1e\xbb\x76\x1e\xc6\x8f\x4a\xf0\
\xc4\x72\x82\x60\xc3\x69\x3b\xb4\xf9\x4b\x4e\x26\x33\xfb\x9a\x87\
\x70\xff\xfb\xb5\xa8\xef\x92\xfd\xae\xff\x10\x94\x3e\xad\x6b\x2e\
\xff\x33\x84\xc0\x8f\xc0\x07\x11\x01\x40\x80\xa3\xce\x9f\x77\x13\
\x40\x5f\x00\x10\x2a\xf7\x5a\x2a\x05\xc1\x95\x67\x4e\xc0\x9d\x17\
\x4f\x47\x4c\xa4\xec\xcb\x09\x82\x04\xc9\x6a\x80\x64\x1d\x02\x4b\
\xca\x7f\xd8\xe2\xc4\x0b\x5f\x36\xe1\xbd\x2d\xed\x90\xa8\x47\xf4\
\x76\xec\x04\xf4\xe6\x41\x4d\xf9\x2a\x4f\x2c\x26\x10\xb8\x83\x08\
\x00\x82\x80\x84\x82\xb9\x45\x94\x92\x4f\x00\xa4\x7b\x62\xbd\xa4\
\xb8\x08\xfc\xf9\xf2\x59\xb8\x60\xfe\x68\x10\x71\x2d\x20\x70\x13\
\x2a\x39\x0f\x55\xf9\xbb\xdc\x1f\xb9\x2b\x51\x8a\x4f\xcb\xba\xf0\
\xec\x97\x8d\x18\x18\x92\x4f\xca\xf7\xa7\xfc\x5f\x7b\xf7\x1a\x1c\
\xd7\x5d\x9f\x71\xfc\xf9\x1f\xad\x56\xd6\xcd\x5a\xad\x1d\x49\x76\
\x1c\x5b\x96\xec\xd8\xc1\xc1\x09\xb1\x4d\x6c\xd9\x51\x04\x64\xc0\
\xb9\xcd\x30\x21\xa1\xa5\x0c\x90\x4c\x5b\x42\x61\x80\xbe\x60\x86\
\x0c\xcd\xc0\x94\x69\x07\xd2\xc2\x1b\x2e\x33\xb4\x64\xa0\x8d\x5b\
\xc2\x24\x81\xa6\x33\x40\x20\x9e\xd6\xb1\x63\x5b\x71\x88\x12\x27\
\x83\xc1\x37\x49\xb6\x1c\xdb\xba\x59\xda\x5d\x79\xa5\xdd\xd5\x9e\
\xf3\xeb\x0b\xf3\xc2\x75\x6b\x47\xd7\x3d\x2b\xe9\xfb\x79\xa3\x57\
\x9a\xff\xf3\xe2\xcc\xd9\xe7\x9c\xf3\xbf\xb8\x5e\x99\x3e\x3a\xdc\
\x7d\xe0\xe5\x02\x0d\x08\x4c\x09\x77\xe7\x05\x62\xe9\xaa\x3b\x96\
\xf9\x25\xfe\x73\x92\x5a\x0a\x35\xe6\x96\xf5\x0d\xfa\xdb\x87\xb7\
\x69\xfd\x4a\x3e\x0b\x60\x12\x4c\xb2\xdc\x45\xf9\x99\xc4\xb4\x36\
\xf6\x79\xed\x64\x42\x7f\xff\xec\x31\x1d\x39\x93\x9a\xc1\x70\xef\
\x68\x5f\x89\x5f\xf2\xa7\x83\xa7\x5f\x3e\x5f\xc8\x41\x81\xa9\xa0\
\x00\x2c\x24\x6d\x6d\x91\xda\x9e\xdc\xdf\x49\xfa\x72\xa1\x86\xf4\
\x3c\xa7\x9d\xef\x6d\xd4\x63\x1f\xdb\xa2\x15\xd7\xb1\x77\x00\xae\
\xcd\x82\xbc\x82\xd1\x0b\xb2\xfc\xd4\x9f\xfa\xfb\x92\x59\x7d\xfb\
\xf9\x13\xfa\xcf\x57\xcf\xab\x30\x6f\xfb\x25\x49\xe6\x4c\xdf\x1d\
\x8a\x67\xbf\xa4\x8e\x8e\x59\xdd\x45\x08\x98\x29\x14\x80\x05\x28\
\xd6\xdc\xf2\xb0\x33\xfb\x9e\xe4\x0a\x76\x80\x7d\x59\x34\xa2\x47\
\x76\x6e\xd0\x67\xee\xdf\xa8\xc5\x95\xcc\x0f\xc0\x95\x4c\x41\x2e\
\xad\x60\x74\x58\x53\xfd\xd6\x3f\x9c\x1e\xd7\x0f\x7f\xd3\xad\x5d\
\x7b\xcf\x28\x3b\xcb\x6b\xfa\xaf\x90\x34\x67\x0f\x27\x3a\xdb\x9f\
\x2f\xe4\xa0\xc0\x74\x51\x00\x16\xa8\xa5\xab\xb7\xaf\xf3\x65\x4f\
\x17\x62\xbf\x80\xcb\xc5\xaa\xca\xf4\xe9\xfb\x37\xea\x91\x9d\x1b\
\x38\x52\x17\x92\x24\xf3\x73\xf2\xc7\x86\xa5\x29\x3e\xf5\x8f\x65\
\x7d\xed\xda\x7b\x46\xff\xfc\x62\xb7\x52\xa3\xd3\x5b\x25\x30\x05\
\x87\x7d\x67\x0f\xa5\x3a\xdb\x4f\x16\x7a\x60\x60\xba\x28\x00\x0b\
\xd9\x9a\xbb\xcb\xe2\x7e\xf2\x1f\xcc\xe9\xf3\x2a\xf0\xb5\x70\xfd\
\xd2\x2a\x7d\xee\xc3\xb7\xea\x81\xd6\x35\x8a\x46\x28\x02\x0b\x92\
\x99\x82\x6c\x4a\x41\x36\xa5\xa9\xbc\xab\xcf\x8e\x07\xfa\xc9\xbe\
\x33\xfa\xc1\xaf\xbb\x35\x9c\x2e\xf8\x5b\x77\x73\xd2\x77\x16\x07\
\xd1\xc7\x4e\x9d\x7a\x69\xfa\x7b\x11\x03\x21\xa0\x00\x40\xb5\x4d\
\xdb\xee\x93\xdc\x8f\x25\x2d\x2d\xf4\xd8\xcb\x96\x54\xea\xd1\xfb\
\x6e\xd1\x9f\xbc\x6f\xad\xca\xa2\x91\x42\x0f\x8f\x90\x58\x6e\xf4\
\xd2\x24\xbf\x29\xac\xeb\xcf\xe4\x7c\x3d\x73\xf0\xac\x9e\x7c\xf1\
\xb4\x7a\x13\x21\xfc\xf6\x3a\x9d\x73\x81\x1e\x19\xea\x3e\xf8\x62\
\xe1\x07\x07\x66\x0e\x05\x00\x92\x2e\x6d\x21\x1c\x94\xda\x2e\x93\
\xde\x1f\xca\xf8\xb1\x0a\x7d\xfa\xde\x9b\xf5\xf1\x0f\xac\x57\xf9\
\xa2\xd2\x30\x22\xa0\x00\xcc\xcf\x2b\xc8\x0c\xcb\xc6\xc7\x26\xfd\
\xbf\x89\xf4\xb8\xfe\x6d\xef\x19\xed\xda\xd3\x13\xc6\x13\xbf\x24\
\xc9\xa4\xe7\xfc\x68\xfe\x33\x23\x47\x5f\xbd\x10\x4a\x00\x60\x06\
\x51\x00\x70\x39\xaf\x76\xf5\xf6\xcf\xca\x05\xdf\x2c\xe4\x04\xc1\
\xcb\xc5\xab\xcb\xf4\x89\x0f\x6e\xd0\xc7\xef\x5a\xaf\xa5\x35\xe5\
\x61\x44\xc0\x6c\xb0\x40\x41\x26\x25\xcb\x8e\xc8\x26\x39\xc9\xaf\
\x37\x91\xd1\x8f\xfe\xeb\xb4\x9e\xd9\x7f\x56\xa3\xd9\xe9\x1d\xfe\
\x33\x0d\x29\x73\xee\x0b\x89\xce\x03\xff\x1a\x56\x00\x60\xa6\x51\
\x00\xf0\x7f\xd4\xdc\xb8\xa3\xc9\xcb\x07\x4f\x4a\x7a\x5f\x58\x19\
\xca\x22\x9e\xee\xdd\xd6\xac\x4f\xed\xdc\xa0\x77\xaf\x5e\x12\x56\
\x0c\x4c\xdb\x1f\x0f\xef\xc9\x24\x27\xbd\xa6\xff\xad\x53\x49\xfd\
\xfb\xde\xb7\xf5\xcb\xd7\x7a\x95\xf3\x43\xdd\x49\x77\x4f\xe0\x47\
\xfe\x3c\x79\x7a\x5f\x77\x98\x21\x80\x99\x46\x01\xc0\xd5\xb8\x78\
\x73\xcb\x5f\x9a\xe9\x5b\x92\x42\x5d\xc0\xff\xee\xd5\x4b\xf4\xa9\
\x9d\x1b\x74\x7f\x4b\xb3\x4a\x4b\xbc\x30\xa3\x60\xc2\x4c\xc1\xf8\
\x98\x2c\x93\x90\xf9\x13\xff\xce\x9f\xcb\x9b\xfe\xfb\xad\x7e\xfd\
\xcb\x9e\x1e\xbd\xde\x99\x98\xc5\x7c\x13\x92\x34\xd9\xd7\x12\x5d\
\xed\xdf\x15\x7b\xf9\x63\x1e\xa2\x00\xe0\x9a\x62\xab\x5b\x56\xc9\
\xb9\x27\x9d\xec\xae\xb0\xb3\x34\xc4\x2b\xf5\x60\xeb\x5a\x7d\xa4\
\x6d\xad\x56\xd5\x2d\x0e\x3b\x0e\xae\xc2\xf2\x19\x05\x63\x09\x99\
\x3f\xf1\xad\x77\xcf\x0c\x8e\xe9\xe9\x7d\x67\xf4\xb3\xf6\x73\xa1\
\x7d\xdf\xbf\x9c\x49\xcf\x95\x06\xe3\x9f\x1f\x38\xf5\xdb\xde\xb0\
\xb3\x00\xb3\x85\x02\x80\x89\x70\xb1\xe6\xed\x9f\x94\xd9\x13\x4e\
\xaa\x0f\x3d\x8c\x73\x7a\xef\xfa\x06\x3d\xd4\xb6\x56\x77\x6f\x69\
\x64\xd2\x60\x91\xb0\xf1\x8c\xfc\x6c\x72\xc2\xeb\xf9\xd3\x59\x5f\
\xbf\x79\xa3\x4f\xcf\xbf\x72\x4e\xaf\x9e\x48\x14\xea\x90\x9e\x6b\
\x73\x3a\x67\xb2\xcf\xb1\xa9\x0f\x16\x02\x0a\x00\x26\x2c\xd6\xd8\
\x16\x73\x2e\xf7\x75\x39\x7d\x56\x52\x51\x2c\xde\xaf\x2a\x8f\xea\
\xde\xad\xab\xf5\x91\xd6\xb5\xba\x6d\x6d\x9d\x3c\x8f\x4b\xba\xd0\
\x2c\x9f\xb9\x34\xc1\x2f\xff\xce\x4b\xf2\xfc\x40\x3a\x78\x74\x50\
\xcf\x1f\xea\xd5\xee\x37\xfb\x95\xc9\x85\x36\xa9\xef\x4a\xbe\xa4\
\x7f\x92\xb2\x5f\x19\xee\xea\x48\x86\x1d\x06\x28\x04\xee\x96\x98\
\xb4\x58\x63\xcb\xad\xce\xd3\xf7\x55\xc0\x83\x85\x26\xa2\xae\xb6\
\x42\x77\x6f\x69\xd4\xce\xdb\x1b\xb5\x65\x5d\x03\x65\x60\x36\x99\
\x64\xfe\x98\x82\xb1\xd4\x3b\x9e\xd6\xe7\x07\xd2\xeb\x9d\xc3\xda\
\xfd\xe6\x80\x7e\xd9\x71\x5e\x03\xc9\x42\x9d\xca\x37\x61\x7b\x64\
\xfe\x5f\x0f\x77\x1f\x7a\x2b\xec\x20\x40\x21\x71\x87\xc4\x54\xb9\
\x58\xf3\xb6\x4f\x78\xe6\xfe\xd1\xa4\xba\xb0\xc3\x5c\xa9\xb6\x6a\
\x91\xda\xde\xb3\x42\xf7\xdc\xde\xa4\xd6\x5b\xae\x67\xf2\xe0\x0c\
\x31\x99\x2c\x37\x2a\xcb\xa6\x64\xfe\xd5\xbf\xd5\xfb\x81\x74\xb8\
\x3b\xa1\x17\x3a\xfa\xf4\xc2\x1b\xbd\xc5\xf8\xa3\x2f\x49\x6f\x9b\
\xb3\xbf\x49\x74\xb6\x3f\x15\x76\x10\x20\x0c\x14\x00\x4c\x4b\xac\
\xb1\x2d\xe6\xbc\xdc\x63\x92\xbe\x20\xa9\x28\x17\xee\xc7\xaa\xca\
\xb4\xfd\xe6\xe5\x6a\xdd\xb8\x42\x77\xde\xb2\x42\x75\xb5\x15\x61\
\x47\x9a\x73\xcc\x7c\x59\x2e\xad\x20\x7b\xf1\xaa\xbb\xf7\x0d\xa6\
\xb2\x3a\x70\x74\x48\x7b\x7f\x37\xa8\xbd\x47\x06\x35\x32\x56\xf0\
\x7d\xf9\x27\xc8\xd2\x32\xf7\x8d\x1a\x8b\x7e\x9b\x6d\x7c\xb1\x90\
\x51\x00\x30\x23\xe2\x6b\x6e\x5f\xa1\xa0\xe4\xeb\x26\x7d\x52\x45\
\x32\x3f\xe0\x6a\xd6\xaf\x8c\xab\x75\xe3\xf5\xba\x63\xe3\x0a\x6d\
\x5e\xdf\xa0\xb2\x08\x6f\x07\xae\xc6\xfc\xac\x82\xec\xc8\xa5\x9d\
\xfb\xae\x98\xa4\x97\x1d\x0f\xf4\xdb\x13\xc3\xda\x7f\xf4\x82\x0e\
\xfc\x61\x48\xc7\xcf\x8d\x14\xf2\xf8\xdd\xa9\xc8\x9b\xf4\x54\x49\
\xc4\xbe\x7a\xe1\x78\xfb\xd9\xb0\xc3\x00\x61\xa3\x00\x60\x46\xd5\
\x36\xb7\xdc\x2c\xd3\x37\x24\xdd\x17\x76\x96\x89\x88\x96\x96\x68\
\x63\xd3\x52\x6d\x5e\xd7\xa0\xcd\x37\xd6\xe9\xb6\x1b\xeb\x15\xab\
\x2a\x0b\x3b\x56\xb8\x2c\x50\x30\x3e\x2a\xcb\xa5\x65\x97\xcd\xe8\
\x1f\x19\xcb\xeb\x70\x77\x42\x87\xbb\x93\xea\x38\x99\xd0\x6b\x5d\
\x09\xe5\x0a\x7b\xec\xee\x54\x99\x9c\x3d\x5b\x12\x78\x5f\x1d\xec\
\x3e\x70\x2c\xec\x30\x40\xb1\xa0\x00\x60\x56\xc4\x1a\xb7\xdd\xe9\
\x4a\xdc\x37\x65\xda\x1a\x76\x96\xc9\x70\xce\xa9\x79\x79\x8d\x36\
\xaf\xab\xd7\x7b\xd6\xd4\xe9\xa6\xc6\xb8\xd6\xae\x88\x2f\x88\xb7\
\x04\xe6\xe7\x64\xd9\x8b\x0a\x72\x69\xf9\x81\xe9\x54\x5f\x5a\x6f\
\x9e\x4e\xea\xf5\xae\x84\x0e\x77\x25\x75\xf2\x7c\xba\x38\x96\xea\
\x4d\xce\xaf\xcc\xb3\xc7\x13\x27\xdb\xdf\x08\x3b\x08\x50\x6c\x28\
\x00\x98\x55\xf1\xd5\x2d\x1f\x34\xa7\xc7\x25\xdd\x11\x76\x96\xa9\
\x2a\x2d\xf1\xd4\xb4\x3c\xa6\x9b\x56\xc5\x75\xd3\xca\xb8\xde\xd5\
\x18\xd7\xba\x1b\xe2\xf3\xe2\xac\x02\x0b\xf2\x1a\x1c\x1c\xd2\xd1\
\xee\x3e\x1d\x7d\x3b\xa1\xe3\xe7\x2e\xea\xd8\xd9\x11\x9d\x38\x9f\
\x56\x76\x6e\x3c\xdd\x5f\xcd\x3e\xb9\xe0\x2b\xc3\x9d\xaf\x1c\x08\
\x3b\x08\x50\xac\x28\x00\x28\x88\x58\xe3\xb6\x3b\xe5\x79\x8f\x17\
\xc3\x8e\x82\x33\xa5\xaa\x3c\xaa\x55\x75\xd5\x5a\xd9\xb0\xf8\xd2\
\xdf\xfa\xc5\x5a\x59\x5f\xad\x55\xf5\x8b\x55\x57\x5b\x51\x34\x2b\
\x0f\x82\xc0\xd4\x3b\x34\xaa\x9e\x81\x11\x9d\xe9\x4b\xa9\xa7\x3f\
\xa9\x9e\xf3\x09\xf5\xf4\xa7\xd4\xd3\x9f\x2e\x8a\x9d\xf7\x66\x88\
\x49\x7a\xc1\x4c\x4f\x24\xba\x0f\xee\x0b\x3b\x0c\x50\xec\x28\x00\
\x28\xa8\x78\xe3\xf6\xad\xe6\xd9\xe3\x92\xee\xd1\x3c\xbf\xfe\xe2\
\xd5\x65\x5a\x52\x53\xae\xeb\x6a\x2a\x74\x5d\xac\x5c\x4b\x6a\xca\
\x55\x17\xab\x50\x75\x45\xa9\x6a\x2a\xca\xb4\x28\x5a\xa2\x45\x65\
\x11\x55\x57\x94\xa9\xb2\x2c\xa2\x45\xd1\x88\x2a\xcb\xaf\xbd\xab\
\x61\x7a\x6c\x5c\xd9\x71\x5f\x17\x33\xe3\x1a\xcd\xe4\x94\xcd\xf9\
\xba\x38\x36\xae\xd1\x5c\x5e\x43\xa9\x8c\x06\x12\xa3\x1a\x1a\xc9\
\xe8\x42\x32\xa3\x81\xe4\xa8\x2e\xa4\x32\x1a\x4a\x8e\x29\x1f\xcc\
\xb9\x57\xf7\x93\xe1\x4b\x7a\xc6\xcc\x7b\x22\xd1\xbd\xff\xcd\xb0\
\xc3\x00\x73\xc5\xbc\xbe\x01\xa3\x78\xc5\x1a\x5b\x6e\xf5\x3c\x7d\
\xd1\xa4\x8f\x49\x5a\xe0\xb3\xee\x30\x45\x19\x49\x3f\x0e\x22\xde\
\xb7\x92\xc7\xf7\x77\x85\x1d\x06\x98\x6b\x28\x00\x08\x55\x55\x73\
\x4b\x5d\x44\xf6\xa8\x33\xf7\x57\x92\x96\x85\x9d\x07\x73\xc2\x59\
\x73\xfa\x41\x34\xf0\x7f\xd8\xdf\x7d\xa8\x2f\xec\x30\xc0\x5c\x45\
\x01\x40\x71\xd8\xb4\xa9\x34\x3e\x14\xfd\xb0\x39\xef\x8b\x92\x6d\
\x0f\x3b\x0e\x8a\x8f\x93\x3a\x02\x67\xdf\x49\xc4\x72\x4f\xab\xa3\
\x63\xde\x4c\x5c\x00\xc2\x42\x01\x40\xd1\x89\x37\x6e\xdf\x1a\x78\
\xc1\x5f\x38\xb9\x8f\x4a\xaa\x0e\x3b\x0f\x42\x35\x22\x69\x97\xf3\
\x4a\xbe\x3f\x74\xf2\xe5\xdf\x87\x1d\x06\x98\x4f\x28\x00\x28\x5a\
\xf5\xf5\x1b\x2b\xb3\x55\xd5\x0f\x3a\xd9\x23\x32\xb5\x8a\xeb\x75\
\xa1\x08\x64\xb6\xcf\x9c\x7b\x2a\x52\xea\x9e\x1b\x3c\x76\x60\x24\
\xec\x40\xc0\x7c\xc4\x0d\x15\x73\x42\xbc\xb9\xf5\x06\xb3\xfc\x9f\
\x49\xf6\xa8\xe4\x56\x87\x9d\x07\xb3\xe2\x98\x93\x7e\xea\x7b\xda\
\x95\x3c\x79\xb0\x33\xec\x30\xc0\x7c\x47\x01\xc0\x5c\xe3\xc5\xd6\
\xec\x68\x75\x81\x3d\x28\xd9\x03\x62\xe2\xe0\x9c\xe6\xa4\x7e\x93\
\x7b\xd6\x0b\xdc\xae\x0b\xa7\xf6\x1f\x0a\x3b\x0f\xb0\x90\x50\x00\
\x30\x97\x79\xb5\x4d\x3b\x5a\xa4\xe0\x3e\x99\x1e\x92\x53\x53\xd8\
\x81\x30\x21\x3d\x32\xfd\x5a\xf2\x7e\x31\xbc\x2a\xf2\x82\x5e\x7a\
\xa9\x58\x8f\x0d\x04\xe6\x35\x0a\x00\xe6\x0b\x2f\xde\xbc\x6d\x6b\
\x20\xf7\x80\x93\xee\x91\xe9\xa6\xb0\x03\xe1\x32\x4e\x7f\x90\xf4\
\x1f\x81\xbc\x9f\x27\x3b\xf7\x77\x84\x1d\x07\x00\x05\x00\xf3\x54\
\x6d\xd3\x8e\x95\xce\x05\x3b\x65\xf6\x21\x93\xbb\x4b\xd2\xe2\xb0\
\x33\x2d\x30\x29\x99\xf6\x48\xb6\xdb\x77\xc1\x8b\xa9\xae\x43\x27\
\xc2\x0e\x04\xe0\x7f\xa3\x00\x60\xfe\x6b\x6b\x8b\xc4\x4e\xe7\x5a\
\x9c\xa7\x0f\xc9\xec\x03\x92\xbb\x4d\xd2\xb5\xf7\xdc\xc5\x64\xf9\
\x32\xbd\xea\x9c\xed\x36\x95\xec\x1e\x5e\x19\x79\x85\x57\xfb\x40\
\x71\xa3\x00\x60\xc1\x59\xbe\x7c\x53\xc5\x68\x34\xba\x45\x25\xee\
\x0e\x67\xd6\x22\xb9\x16\x49\x35\x61\xe7\x9a\x63\x46\x4c\xee\x90\
\x67\x6a\x37\x4f\xed\xb2\xcc\xc1\xe1\xae\x8e\x64\xd8\xa1\x00\x4c\
\x1c\x05\x00\x90\xbc\xda\xa6\x6d\x1b\x24\xb7\xc3\x49\x5b\x4c\xba\
\x45\xd2\xcd\x92\xa2\x61\x07\x2b\x12\xbe\x49\x9d\xce\xe9\x90\x4c\
\xaf\x98\x79\x07\x12\xdd\xcb\x7e\x27\x3d\xeb\x87\x1d\x0c\xc0\xd4\
\x51\x00\x80\xff\x4f\x5b\x5b\x24\xfe\xf6\xf8\x3a\xf9\xc1\xbb\xe4\
\xdc\x06\x93\x36\x49\x6e\xb3\x64\x0d\x61\x47\x9b\x65\x09\xc9\x1d\
\x91\xd9\x11\x73\xf6\x7b\xa7\x92\x8e\x68\x3a\xf5\x46\x5f\xdf\x5b\
\xe9\xb0\x83\x01\x98\x59\x14\x00\x60\x12\xaa\x6f\x6c\x5b\x1a\xcd\
\xe5\x9b\x03\xcf\x6f\x36\xa7\x66\x2f\x50\xb3\x39\xd7\x2c\xb9\x35\
\x73\xa5\x1c\x38\xa9\xdf\x9c\xba\x64\xae\xcb\x99\x75\x05\x4e\x5d\
\x0a\xac\x2b\x62\x91\xe3\x83\xa7\x5f\x3e\x1f\x76\x3e\x00\x85\x41\
\x01\x00\x66\x48\x7d\xfd\xc6\xca\x7c\x79\xe5\x0d\xbe\x73\x75\x9e\
\xe7\x96\x05\xb2\x7a\x27\xd5\x39\xd3\x72\x93\xea\x9c\xd4\x60\xa6\
\x5a\x39\x55\x4b\x56\x21\xb9\xca\x19\x1a\x3a\x27\x29\x2d\x29\x25\
\xe9\x82\xa4\x5e\x67\x36\x60\x52\xbf\x73\xde\x79\x33\x1b\x70\x52\
\xbf\x79\x3a\x17\x59\x14\x3d\x35\x70\xe4\xa5\x8b\x33\x34\x2e\x80\
\x39\x8c\x02\x00\x84\xa8\xb6\x69\x53\x4d\x89\x5f\x51\x31\x5e\x66\
\xe5\xf2\x55\x3b\xa1\x7f\x72\x41\x22\xe2\x59\x26\x9f\x29\x19\x4d\
\xf6\xec\x4f\x4a\x0a\x66\x37\x25\x00\x00\x00\x00\x00\x00\x00\x00\
\x00\x00\x00\x00\x00\x00\x00\x00\x00\x00\x00\x00\x00\x00\x00\x00\
\x00\x00\x00\x00\x00\x00\x00\x00\x00\x00\x00\x00\x00\x00\x00\x00\
\x00\x00\x00\x00\x00\x00\x00\x00\x00\x00\x00\x00\x00\x00\x00\x00\
\x00\x00\x00\x00\x00\x00\x00\x00\x00\x00\x00\x00\x00\x00\x00\x00\
\x00\x00\x00\x00\x00\x00\x00\x00\x00\x00\x00\x00\x00\x00\x00\x00\
\x00\x00\x00\x00\x00\x00\x00\x00\x00\x00\x00\x00\x00\x00\x00\x00\
\x00\x00\x00\x00\x00\x00\x00\x00\x00\x00\x00\x00\x00\x00\x00\x00\
\x00\x00\x00\x00\x00\x00\x00\x00\x00\x00\x00\x00\x00\x00\x00\x00\
\x00\x00\x00\x00\x00\x00\x00\x00\x00\x00\x00\x00\x00\x00\x00\x00\
\x00\x00\x00\x00\x00\x00\x00\x00\x00\x00\x00\x00\x00\x00\x00\x00\
\x00\x00\x00\x00\x00\x00\x00\x00\x00\x00\x00\x00\x00\x00\x00\x00\
\x00\x00\x00\x00\xc0\x84\xfd\x0f\x63\x8b\x50\x5f\xf5\x0c\x37\x7b\
\x00\x00\x00\x00\x49\x45\x4e\x44\xae\x42\x60\x82\
"

qt_resource_name = b"\
\x00\x07\
\x07\x3b\xe0\xb3\
\x00\x70\
\x00\x6c\x00\x75\x00\x67\x00\x69\x00\x6e\x00\x73\
\x00\x0b\
\x0f\xba\x52\x45\
\x00\x61\
\x00\x70\x00\x70\x00\x6c\x00\x79\x00\x5f\x00\x73\x00\x74\x00\x79\x00\x6c\x00\x65\
\x00\x08\
\x0a\x61\x5a\xa7\
\x00\x69\
\x00\x63\x00\x6f\x00\x6e\x00\x2e\x00\x70\x00\x6e\x00\x67\
"

qt_resource_struct_v1 = b"\
\x00\x00\x00\x00\x00\x02\x00\x00\x00\x01\x00\x00\x00\x01\
\x00\x00\x00\x00\x00\x02\x00\x00\x00\x01\x00\x00\x00\x02\
\x00\x00\x00\x14\x00\x02\x00\x00\x00\x01\x00\x00\x00\x03\
\x00\x00\x00\x30\x00\x00\x00\x00\x00\x01\x00\x00\x00\x00\
"

qt_resource_struct_v2 = b"\
\x00\x00\x00\x00\x00\x02\x00\x00\x00\x01\x00\x00\x00\x01\
\x00\x00\x00\x00\x00\x00\x00\x00\
\x00\x00\x00\x00\x00\x02\x00\x00\x00\x01\x00\x00\x00\x02\
\x00\x00\x00\x00\x00\x00\x00\x00\
\x00\x00\x00\x14\x00\x02\x00\x00\x00\x01\x00\x00\x00\x03\
\x00\x00\x00\x00\x00\x00\x00\x00\
\x00\x00\x00\x30\x00\x00\x00\x00\x00\x01\x00\x00\x00\x00\
\x00\x00\x01\x99\x70\x0d\x58\xeb\
"

qt_version = [int(v) for v in QtCore.qVersion().split('.')]
if qt_version < [5, 8, 0]:
    rcc_version = 1
    qt_resource_struct = qt_resource_struct_v1
else:
    rcc_version = 2
    qt_resource_struct = qt_resource_struct_v2

def qInitResources():
    QtCore.qRegisterResourceData(rcc_version, qt_resource_struct, qt_resource_name, qt_resource_data)

def qCleanupResources():
    QtCore.qUnregisterResourceData(rcc_version, qt_resource_struct, qt_resource_name, qt_resource_data)

qInitResources()
